Month,Adapted Vehicle,Agricultural Tractor,Ambulance,Animal Ambulance,Armoured/Specialised Vehicle,Articulated Vehicle,Auxiliary Trailer,Breakdown Van,Bulldozer,Bus,Camper Van / Trailer,Camper Van / Trailer (Private Use),Cash Van,Construction Equipment Vehicle,Construction Equipment Vehicle (Commercial),Crane Mounted Vehicle,Dumper,Earth Moving Equipment,Educational Institution Bus,Excavator (Commercial),Excavator (NT),Fire Fighting Vehicle,Fire Tenders,Fork Lift,Goods Carrier,Harvester,Hearses,Library Van,Luxury Cab,M-Cycle/Scooter,M-Cycle/Scooter-With Side Car,Maxi Cab,Mobile Canteen,Mobile Clinic,Mobile Workshop,Modular Hydraulic Trailer,Moped,Motor Cab,Motor Car,Motor Caravan,Motor Cycle/Scooter-SideCar(T),Motor Cycle/Scooter-Used For Hire,Motor Cycle/Scooter-With Trailer,Motorised Cycle (CC 25cc),Omni Bus,Omni Bus (Private Use),Power Tiller,Power Tiller (Commercial),Private Service Vehicle,Private Service Vehicle (Individual Use),Puller Tractor,Quadricycle (Commercial),Quadricycle (Private),Recovery Vehicle,Road Roller,School Bus,Semi-Trailer (Commercial),Snorked Ladders,Three Wheeler (Goods),Three Wheeler (Passenger),Three Wheeler (Personal),Tow Truck,Tower Wagon,Tractor (Commercial),Tractor-Trolley(Commercial),Trailer (Agricultural),Trailer (Commercial),Trailer For Personal Use,Tree Trimming Vehicle,Vehicle Fitted With Compressor,Vehicle Fitted With Generator,Vehicle Fitted With Rig,Vintage Motor Vehicle,X-Ray Van,e-Rickshaw with Cart (G),e-Rickshaw(P),Total
2005-01,26,"11,284",293,0,0,433,0,3,0,"2,357",3,11,2,97,0,185,64,148,284,60,157,8,7,14,"29,045",146,8,1,116,"309,559",148,"1,355",4,7,1,0,"5,507","2,505","78,296",0,12,64,0,318,455,"2,339",7,22,67,635,0,0,0,17,33,0,0,0,"4,697","7,876",642,11,1,"1,320",91,"2,765",961,15,1,54,65,54,0,0,1,2,"464,659"
2005-02,30,"11,849",320,0,0,532,0,0,2,"2,361",22,15,5,111,5,185,64,173,261,79,146,11,1,26,"27,141",148,5,0,162,"317,174",134,"1,341",2,4,3,0,"5,624","3,091","70,959",0,8,63,0,320,422,"2,257",10,18,100,351,0,0,0,21,33,0,0,0,"5,040","9,335",654,9,1,"1,437",92,"2,873","1,091",39,6,55,71,69,0,1,0,2,"466,364"
2005-03,30,"14,621",365,2,0,542,1,4,0,"3,087",8,32,5,170,1,251,93,230,496,93,226,21,3,25,"31,360",190,12,3,138,"329,792",164,"1,630",2,4,3,0,"6,002","3,621","83,102",0,8,90,0,269,451,"2,378",15,27,102,415,0,0,0,16,42,1,0,0,"5,898","9,579",726,11,7,"1,800",90,"3,677","1,331",38,6,75,63,48,0,0,0,3,"503,495"
2005-04,26,"10,745",191,2,0,437,2,7,0,"2,823",11,8,6,138,0,195,70,177,433,68,159,7,11,27,"26,145",102,11,0,196,"295,094",157,"1,410",0,6,5,0,"5,177","2,922","73,229",0,8,86,0,271,415,"1,951",12,36,113,516,0,0,0,23,35,0,0,0,"3,924","7,680",711,12,2,"1,282",54,"2,901",928,37,3,48,48,45,0,1,0,3,"441,142"
2005-05,32,"11,362",169,1,0,521,1,3,1,"2,923",8,11,7,168,3,198,51,223,620,71,196,15,2,23,"21,923",98,8,2,121,"338,770",562,"1,397",2,7,4,0,"6,204","2,472","75,890",0,40,58,0,246,490,"2,239",9,44,105,589,0,0,0,16,47,0,0,0,"4,561","8,399",775,11,1,"1,336",64,"2,773",972,34,4,58,38,31,0,1,0,3,"487,013"
2005-06,23,"11,834",175,0,0,380,0,5,0,"2,637",6,7,1,123,2,230,56,180,916,100,200,13,9,26,"21,696",69,11,2,165,"332,982",153,"1,485",2,8,4,0,"6,884","2,819","72,739",0,20,29,1,272,475,"2,183",7,34,116,571,0,0,0,13,28,1,0,0,"4,460","9,326",769,14,0,"1,382",59,"2,631",938,27,2,59,37,36,0,0,0,4,"479,436"
2005-07,28,"12,033",166,1,0,384,0,3,0,"2,645",4,21,6,148,2,241,45,212,807,63,141,7,0,37,"22,404",53,6,1,180,"292,972",109,"1,302",3,8,3,0,"6,604","2,813","74,644",0,1,41,0,179,465,"2,080",4,34,136,538,0,0,0,12,35,0,0,0,"4,229","9,451",693,7,0,"1,541",72,"2,844",905,24,6,53,34,20,0,0,1,2,"441,503"
2005-08,20,"11,195",185,2,0,300,1,4,0,"2,707",7,13,3,118,10,262,65,180,575,75,177,2,1,35,"23,408",83,2,0,154,"305,645",136,"1,315",0,9,2,0,"6,570","2,831","75,500",0,4,55,0,231,454,"1,832",12,9,88,455,0,0,0,10,49,0,0,0,"4,580","10,492",814,7,0,"1,440",68,"2,556",970,26,4,57,35,23,0,0,0,3,"455,866"
2005-09,85,"12,575",188,1,0,374,0,5,1,"2,861",10,16,3,143,2,237,98,192,633,63,162,9,3,26,"27,459",125,12,0,140,"310,917",194,"1,597",6,4,2,0,"6,059","3,058","78,276",0,49,132,1,215,531,"1,718",5,10,123,447,0,0,0,16,44,0,0,0,"4,731","10,579",751,11,0,"1,364",90,"3,341",986,34,4,54,66,37,0,0,0,2,"470,877"
2005-10,29,"11,563",177,0,0,357,0,3,2,"3,015",3,30,11,162,1,248,75,217,464,94,153,4,2,38,"28,888",74,3,1,122,"370,943",111,"1,559",4,9,2,0,"6,012","3,216","87,629",0,24,184,0,335,499,"1,796",7,8,79,481,0,0,0,25,38,2,0,0,"5,441","10,343",815,15,0,"1,437",84,"3,390","1,083",72,10,35,51,50,0,0,1,3,"541,529"
2005-11,29,"11,577",174,0,0,289,0,3,1,"2,751",11,64,6,117,0,259,89,195,285,74,148,4,0,23,"25,652",74,5,1,99,"392,816",151,"1,338",2,6,1,0,"7,231","2,920","75,463",0,8,100,1,282,402,"1,740",10,14,76,401,0,0,0,16,15,0,0,0,"5,097","9,164",813,9,0,"1,459",122,"3,192","1,019",24,3,43,39,34,0,0,1,5,"545,947"
2005-12,29,"14,239",181,2,0,315,0,4,0,"2,998",9,160,7,120,7,271,92,246,344,71,219,10,7,24,"24,073",97,4,0,126,"319,701",101,"1,462",5,7,4,0,"6,908","2,897","77,196",0,11,89,0,195,441,"1,767",15,31,146,471,0,0,0,21,25,0,0,0,"4,958","9,128",933,7,1,"1,917",174,"3,713","1,391",33,5,55,42,52,0,0,0,1,"477,558"
2006-01,25,"14,582",205,0,0,404,0,1,1,"2,958",25,174,6,149,3,249,84,248,335,100,227,3,4,24,"31,195",184,5,1,124,"375,011",162,"1,755",0,9,1,0,"8,877","3,967","99,095",0,9,46,0,236,543,"2,202",25,48,142,630,0,0,0,22,12,0,0,0,"5,994","10,292","1,068",9,1,"1,789",64,"3,956","1,310",26,10,75,65,59,0,0,0,4,"568,830"
2006-02,30,"15,708",215,0,0,557,0,2,1,"2,842",16,240,5,151,5,277,71,267,352,80,242,17,4,34,"32,865",216,5,0,185,"379,956",115,"1,657",1,4,4,0,"9,713","3,914","83,331",0,9,69,0,246,465,"1,954",27,47,130,445,0,0,0,13,17,0,0,0,"5,700","11,653",890,15,1,"1,994",97,"3,947","1,553",38,2,68,68,69,0,0,0,2,"562,601"
2006-03,43,"20,133",249,3,2,713,1,3,1,"3,445",10,296,6,199,3,413,116,348,453,132,288,9,15,46,"37,264",278,4,2,210,"412,765",179,"1,771",7,4,0,0,"9,328","4,070","105,105",0,11,48,0,279,475,"2,199",27,62,159,440,0,0,0,18,13,1,0,0,"6,172","12,759","1,026",5,5,"2,388",85,"5,478","1,966",45,4,100,60,81,0,0,0,1,"631,821"
2006-04,29,"13,297",261,0,1,677,1,2,0,"3,173",25,178,27,144,2,329,101,247,422,112,222,12,18,40,"32,804",137,8,1,130,"351,428",155,"1,573",1,10,5,0,"8,143","3,044","83,236",0,8,26,1,224,437,"1,912",25,53,105,408,0,0,0,24,22,0,0,0,"4,830","10,084",879,9,1,"1,732",90,"3,632","1,332",41,0,85,42,65,0,0,0,3,"526,065"
2006-05,34,"14,573",200,1,1,664,0,3,1,"3,345",24,176,19,160,5,302,98,346,634,117,252,10,7,45,"32,232",136,5,0,156,"413,576",136,"1,502",0,1,3,0,"9,129","3,471","90,533",0,10,40,0,235,424,"2,209",17,41,142,531,0,0,0,15,14,0,1,0,"5,556","10,917","1,098",13,0,"1,720",84,"3,324","1,267",22,1,93,25,76,0,0,0,1,"599,773"
2006-06,31,"16,442",264,0,0,728,1,4,0,"3,221",15,193,10,187,2,307,60,358,"1,204",115,246,4,5,60,"32,513",137,6,1,135,"416,502",133,"1,671",3,6,1,0,"9,649","3,590","94,580",0,12,37,0,198,471,"2,054",20,22,179,570,0,0,0,30,21,0,0,0,"5,785","12,697","1,098",13,0,"1,710",64,"3,642","1,155",51,0,87,59,61,0,1,0,4,"612,425"
2006-07,22,"16,121",243,0,0,714,0,2,0,"3,006",9,177,5,219,3,286,89,331,945,112,272,11,4,31,"30,536",156,8,2,135,"363,837",109,"1,701",3,4,3,0,"8,909","3,622","86,633",0,7,17,0,180,395,"1,809",18,22,137,583,0,0,0,9,28,0,0,0,"5,897","12,262","1,139",11,2,"1,938",87,"3,496","1,252",44,0,86,54,57,0,0,0,5,"547,795"
2006-08,35,"14,250",247,2,0,671,0,2,0,"2,890",26,198,1,244,5,273,88,295,828,138,286,4,3,47,"30,742",172,11,1,182,"382,554",129,"1,579",6,3,4,0,"9,410","4,050","89,182",0,13,75,0,230,370,"1,872",23,21,157,619,0,0,0,10,16,0,1,0,"6,693","12,685","1,109",15,0,"1,801",71,"3,410","1,247",46,1,67,36,54,0,0,0,5,"569,205"
2006-09,37,"14,894",254,0,0,699,1,5,0,"2,981",24,157,5,172,1,281,98,320,671,112,234,2,7,54,"34,861",210,5,0,184,"372,468",147,"1,850",0,10,10,0,"15,096","4,034","89,378",0,14,125,0,220,507,"2,034",200,20,173,586,0,0,0,17,252,0,1,0,"6,615","12,711","1,030",17,1,"1,792",45,"3,677","1,546",59,0,69,41,76,0,0,1,8,"571,099"
2006-10,27,"12,315",238,0,0,734,0,2,1,"2,605",33,135,2,225,3,256,77,317,427,118,211,16,4,34,"35,227",125,17,1,128,"460,148",130,"1,694",3,3,7,0,"8,530","3,493","96,700",0,19,137,0,347,382,"1,681",27,20,114,552,0,0,0,6,11,0,0,0,"6,342","11,932","1,062",8,2,"1,765",57,"3,498","1,193",72,1,80,37,76,0,0,0,6,"653,413"
2006-11,38,"17,784",259,0,1,792,0,5,1,"3,059",17,203,3,228,3,368,142,365,427,146,285,8,3,51,"39,317",138,7,0,146,"525,028",144,"1,945",3,2,0,0,"9,937","3,971","100,455",0,14,160,0,331,476,"2,130",32,17,129,591,0,0,0,19,24,0,0,0,"7,120","13,489","1,099",16,4,"2,368",73,"4,551","1,635",58,2,88,33,65,0,0,1,4,"739,810"
2006-12,51,"15,380",315,0,0,658,0,3,0,"2,816",37,177,11,195,8,293,90,297,361,111,230,10,3,38,"32,000",102,9,1,166,"343,397",114,"1,678",2,3,1,0,"6,992","3,772","85,981",0,16,271,0,230,366,"1,599",34,32,171,484,0,0,0,12,12,0,0,0,"5,714","12,486",921,13,0,"2,165",75,"3,802","1,546",46,15,59,31,73,0,0,0,4,"525,479"
2007-01,47,"16,169",456,1,0,766,0,2,1,"3,110",33,179,1,260,7,327,197,351,338,133,312,21,3,65,"40,795",222,6,0,130,"426,830",167,"2,029",1,1,1,0,"10,880","5,134","118,885",0,8,100,0,254,477,"2,208",37,57,123,670,0,0,1,25,23,0,0,0,"6,576","12,151",973,19,3,"1,995",91,"4,001","1,363",49,3,74,48,73,0,0,0,6,"659,268"
2007-02,42,"17,591",443,0,0,"1,038",1,1,1,"3,002",25,223,6,288,6,365,140,411,361,163,321,12,8,67,"41,200",219,10,1,214,"425,420",117,"1,991",3,4,2,0,"12,974","4,751","105,375",0,10,87,0,227,425,"2,274",37,59,173,571,0,0,0,27,11,0,0,0,"6,292","14,571",985,14,4,"2,308",103,"3,968","1,689",57,5,82,50,61,0,1,0,4,"650,891"
2007-03,41,"19,602",413,3,0,"1,245",1,3,1,"3,772",37,229,1,293,6,450,139,501,419,170,381,12,3,69,"42,943",236,15,0,201,"460,072",146,"2,128",6,9,3,0,"14,602","5,088","121,394",0,9,78,0,117,445,"2,252",71,64,164,690,0,0,0,28,30,0,0,0,"6,734","15,506","1,093",27,1,"2,627",86,"4,408","2,036",45,2,104,49,53,0,0,1,3,"711,357"
2007-04,41,"13,251",330,6,0,827,0,1,4,"3,610",24,183,4,302,3,401,102,545,432,175,312,10,3,85,"35,136",153,11,0,179,"409,486",126,"1,959",6,5,1,0,"13,610","4,390","98,300",0,10,31,0,121,335,"2,083",99,53,192,359,0,0,0,13,7,0,0,1,"5,317","10,916",875,15,1,"2,107",54,"3,077","1,664",43,1,66,40,41,0,0,1,2,"611,537"
2007-05,36,"16,358",266,0,1,771,1,4,1,"3,935",43,157,9,335,7,445,129,609,722,206,319,11,2,53,"34,349",137,11,0,192,"474,395",130,"2,084",2,1,2,0,"15,174","4,399","108,508",0,3,23,0,114,410,"2,137",106,31,246,498,0,0,0,22,6,0,0,0,"5,900","12,655",974,10,1,"2,193",90,"3,261","1,669",42,3,69,40,55,0,1,1,3,"694,367"
2007-06,47,"17,437",302,0,0,674,1,4,3,"3,548",4,137,8,334,5,397,109,663,"1,362",202,336,15,1,50,"30,588",106,8,0,173,"423,207",98,"2,030",1,3,4,0,"15,141","4,435","99,590",0,1,22,0,103,371,"1,971",40,42,199,446,0,0,0,10,15,0,0,0,"5,518","13,842",990,12,1,"2,188",60,"3,234","1,634",43,1,81,41,31,0,0,0,6,"631,925"
2007-07,36,"17,616",280,5,0,715,0,3,1,"3,588",7,177,20,329,3,447,106,719,"1,176",174,405,13,2,64,"30,845",110,7,3,213,"428,596",135,"2,022",2,21,0,0,"16,574","4,474","105,883",0,3,19,1,76,472,"1,893",126,30,192,442,0,0,0,27,184,0,0,0,"5,831","14,087",916,23,4,"2,154",73,"3,412","1,437",54,1,88,34,43,0,0,0,4,"646,397"
2007-08,47,"16,319",303,2,6,826,0,3,1,"3,799",4,140,3,339,5,482,85,614,989,206,323,7,4,83,"31,738",166,11,0,211,"424,440",106,"1,972",0,3,2,0,"15,524","4,541","111,313",0,5,32,0,67,446,"2,073",69,15,165,530,0,0,0,24,87,1,0,0,"5,744","13,565","1,072",11,0,"1,976",51,"3,405","1,513",72,1,73,29,39,0,0,0,2,"645,684"
2007-09,44,"14,685",239,0,0,847,0,2,2,"3,415",10,152,7,290,3,380,73,532,830,153,342,4,6,42,"33,116",168,22,0,198,"384,612",90,"1,894",2,0,0,0,"15,991","4,846","106,069",0,6,69,0,56,365,"1,731",17,19,213,488,0,0,0,21,9,1,0,0,"5,689","15,117","1,122",9,2,"1,778",32,"3,103","1,748",61,1,58,41,36,0,0,0,3,"600,861"
2007-10,52,"15,812",272,1,1,955,0,5,1,"3,634",3,171,4,432,7,372,137,588,711,179,368,3,2,44,"36,377",113,7,0,189,"433,137",108,"2,177",12,3,2,0,"15,916","4,861","111,057",0,5,91,0,80,399,"1,956",45,18,218,380,0,0,0,23,106,1,0,0,"5,462","15,037","1,048",12,5,"1,901",48,"3,440","1,555",76,2,87,58,71,0,0,1,5,"659,843"
2007-11,44,"15,833",289,1,0,972,3,2,1,"3,425",3,132,6,334,5,445,137,554,636,175,385,8,4,46,"37,572",95,9,0,197,"613,258",155,"2,299",4,8,0,0,"19,053","4,593","127,871",0,12,246,0,85,478,"2,329",92,11,154,399,0,0,0,16,320,2,0,0,"5,822","15,290","1,192",7,1,"2,065",86,"3,315","1,673",51,4,61,31,62,0,1,1,2,"862,362"
2007-12,31,"15,861",247,0,0,741,1,8,1,"3,638",7,100,6,346,1,415,134,498,527,162,378,11,9,64,"32,679",181,31,0,151,"440,658",121,"1,966",1,8,7,0,"14,421","3,655","99,033",0,9,252,1,57,380,"1,929",202,24,265,384,0,0,0,20,759,0,0,0,"4,768","12,070","1,024",16,1,"1,965",89,"3,083","1,501",48,3,46,24,43,0,1,0,3,"645,065"
2008-01,50,"19,208",417,0,0,"1,056",1,2,0,"3,437",4,123,2,409,3,480,162,649,465,208,422,9,3,70,"41,471",220,6,0,137,"508,331",160,"2,462",1,2,1,10,"18,951","5,417","141,006",0,6,203,0,62,533,"2,561",12,41,232,548,0,1,0,21,11,0,0,0,"6,028","13,873","1,120",10,6,"2,358",71,"3,587","1,787",62,3,81,45,53,0,1,1,0,"778,672"
2008-02,54,"19,341",285,1,0,"1,113",4,4,1,"3,427",14,188,8,403,4,479,149,712,425,177,430,8,5,109,"43,112",278,15,0,173,"478,529",171,"2,644",5,7,2,0,"17,706","5,043","113,536",0,7,81,0,57,488,"2,601",20,55,221,409,0,0,0,21,18,0,0,0,"5,472","14,784",882,17,9,"2,671",50,"3,992","2,247",45,2,91,37,59,0,2,1,5,"722,906"
2008-03,43,"20,056",334,0,0,"1,334",1,4,1,"3,678",8,176,7,410,8,543,127,634,687,162,432,6,5,68,"42,692",241,7,1,154,"454,574",123,"2,585",1,14,2,0,"16,472","5,207","116,933",0,5,81,1,63,554,"2,437",35,75,319,456,0,0,0,19,35,0,0,0,"4,924","13,555",969,11,10,"2,808",43,"4,269","2,365",39,2,107,34,80,0,1,2,3,"701,032"
2008-04,67,"15,114",343,0,0,"1,074",2,3,2,"3,770",7,143,11,380,4,467,91,543,599,166,407,15,3,56,"39,539",178,6,1,145,"501,773",121,"2,582",5,15,1,0,"16,427","4,852","126,079",0,4,64,0,71,543,"2,374",52,93,191,568,0,0,0,14,28,0,0,0,"4,463","12,817","1,103",12,3,"2,335",25,"2,944","2,002",49,1,90,27,50,0,1,0,2,"744,917"
2008-05,60,"17,579",539,2,0,967,4,3,3,"3,777",8,124,3,343,7,434,120,556,922,143,375,12,1,73,"35,795",111,5,0,190,"545,694",153,"2,543",1,8,2,0,"19,320","6,312","135,514",0,1,31,0,100,485,"2,679",43,79,219,530,1,0,0,11,30,0,0,0,"4,860","14,939","1,268",6,2,"2,381",31,"2,944","2,025",41,2,66,31,61,0,0,1,5,"804,575"
2008-06,67,"18,489",389,1,0,802,0,4,4,"3,916",7,108,18,321,7,494,82,547,"1,563",141,373,13,5,47,"30,980",142,8,1,164,"467,452",112,"2,214",9,10,0,0,"15,469","4,295","110,447",2,3,34,0,57,505,"2,249",34,199,180,530,0,0,0,19,27,1,0,0,"4,456","15,254","1,292",8,3,"2,435",36,"2,991","1,888",53,2,101,21,48,0,0,2,6,"691,137"
2008-07,69,"17,512",373,2,0,833,2,5,0,"4,060",9,153,10,383,8,439,82,513,"1,511",126,406,12,2,82,"33,628",219,5,0,172,"467,726",144,"2,440",2,0,1,0,"17,735","4,937","115,553",0,1,41,0,60,554,"2,526",40,93,221,495,0,0,0,18,20,2,0,0,"4,825","17,492","1,417",9,0,"2,315",38,"3,007","1,693",55,0,59,37,62,0,0,1,4,"704,239"
2008-08,60,"15,757",417,0,0,688,1,3,1,"4,068",5,103,11,302,5,383,77,481,"1,161",102,356,12,6,55,"29,437",288,2,1,144,"413,507",127,"2,059",2,22,11,0,"15,378","4,499","100,357",0,3,91,0,46,463,"1,960",31,48,162,451,0,0,0,22,18,0,0,0,"4,341","16,332","1,279",11,1,"2,047",27,"2,448","1,428",43,4,50,15,45,0,0,0,3,"621,257"
2008-09,53,"16,839",431,0,0,642,0,1,2,"4,212",6,82,6,279,8,389,65,470,"1,041",124,395,6,1,68,"31,769",337,13,0,156,"422,104",135,"2,141",3,17,4,0,"17,853","4,718","106,198",0,11,173,0,47,394,"2,066",21,56,231,544,0,0,0,13,16,0,0,0,"4,632","18,470","1,506",14,1,"2,001",33,"2,496","1,446",59,5,61,45,69,0,0,1,6,"644,985"
2008-10,55,"14,527",368,0,0,496,0,2,0,"4,121",4,83,7,259,6,325,89,358,722,98,274,22,0,57,"31,181",189,12,1,132,"494,041",122,"1,883",4,32,6,0,"16,239","4,135","117,651",0,9,385,0,63,390,"2,003",11,44,205,399,0,0,0,25,10,0,0,0,"4,247","17,659","1,263",8,3,"1,686",25,"2,130","1,308",50,2,51,36,61,0,0,0,7,"719,581"
2008-11,68,"15,595",436,1,0,288,1,3,2,"3,186",8,93,15,268,6,282,120,333,486,137,312,12,3,61,"27,635",162,7,2,126,"554,066",142,"1,782",13,64,3,0,"17,806","4,047","112,558",0,16,219,0,81,398,"2,040",14,38,127,311,0,0,0,16,18,0,0,0,"3,883","15,879","1,297",13,1,"2,255",44,"2,385","1,740",35,4,46,34,65,0,0,0,7,"771,095"
2008-12,53,"17,667",387,1,0,204,2,2,0,"3,046",10,99,5,262,8,295,124,351,376,132,309,12,7,59,"19,582",307,8,0,80,"420,187",98,"1,432",9,49,0,0,"13,719","3,388","95,481",0,6,302,0,58,375,"1,639",17,45,172,479,1,0,0,12,17,0,0,0,"3,090","12,256",920,5,1,"2,499",37,"2,892","1,865",38,9,46,30,26,0,0,2,1,"604,591"
2009-01,50,"18,235",274,0,2,138,1,3,2,"2,711",10,97,9,218,6,261,106,296,295,106,266,8,4,39,"22,260",356,8,0,115,"544,334",108,"1,739",4,47,1,0,"20,653","4,720","137,507",0,7,156,0,52,395,"2,162",24,32,189,437,0,0,0,15,16,0,0,0,"3,663","15,632","1,205",10,0,"2,217",38,"2,854","1,587",53,3,46,29,38,0,0,0,10,"785,859"
2009-02,39,"17,789",462,3,0,227,2,2,0,"2,704",9,132,23,293,9,294,121,401,310,118,229,33,4,52,"25,885",487,4,2,109,"500,708",179,"1,699",5,72,3,0,"20,492","4,538","118,675",0,6,109,0,48,423,"2,272",21,37,106,421,0,0,0,16,0,0,0,0,"3,838","17,127","1,146",7,0,"2,496",32,"3,098","1,869",40,13,48,26,54,0,0,0,6,"729,373"
2009-03,62,"20,571",392,1,0,394,3,4,1,"3,624",9,141,13,292,3,299,143,488,518,114,293,15,4,65,"31,912",524,9,1,146,"513,343",240,"1,958",2,26,4,0,"21,035","5,576","132,515",0,12,161,0,66,477,"2,561",19,47,250,570,0,0,0,8,26,1,0,0,"4,369","18,958","1,169",14,0,"3,138",47,"3,586","2,546",55,5,50,42,52,0,1,0,4,"772,974"
2009-04,63,"15,214",312,1,0,348,2,1,2,"3,691",9,100,13,203,9,261,115,406,573,114,214,23,5,24,"29,108",365,6,1,123,"497,919",183,"1,953",2,16,2,0,"21,293","5,085","122,607",0,4,89,0,41,498,"2,309",23,55,174,504,0,0,0,14,17,2,0,0,"3,570","14,718","1,001",5,2,"2,234",26,"2,700","1,801",39,8,48,19,57,0,1,0,4,"730,329"
2009-05,63,"16,817",378,1,0,274,3,1,5,"3,545",8,86,10,234,8,294,99,417,821,131,271,30,14,35,"28,111",266,4,1,125,"540,009",190,"1,895",9,10,0,0,"20,532","5,052","124,474",0,5,31,0,63,514,"2,351",34,36,119,448,0,0,0,17,12,0,0,0,"4,035","17,889","1,281",10,2,"2,346",53,"2,778","1,721",49,3,35,31,40,0,0,0,1,"778,127"
2009-06,91,"21,110",422,0,0,314,0,1,5,"4,153",9,99,17,277,4,300,112,414,"1,817",123,261,16,1,43,"29,451",320,12,0,130,"567,835",274,"1,894",11,7,4,1,"25,586","5,336","128,081",0,4,29,0,79,540,"2,195",47,44,164,547,3,0,0,19,9,1,0,0,"4,394","20,974","1,475",7,2,"2,587",48,"2,841","1,705",39,0,54,18,66,1,0,1,4,"826,428"
2009-07,95,"21,086",472,1,0,515,3,0,4,"4,286",12,112,12,253,8,379,138,535,"1,552",121,282,34,1,44,"32,706",285,7,1,151,"574,400",193,"2,249",5,5,2,0,"28,771","5,727","131,714",0,3,34,0,62,549,"2,386",36,21,161,650,0,0,0,28,15,0,0,0,"4,449","22,777","1,466",12,0,"2,926",48,"3,057","1,951",63,3,71,20,101,0,0,0,2,"847,052"
2009-08,61,"16,685",513,0,0,585,0,3,1,"3,797",4,43,13,245,7,338,80,456,"1,079",124,295,10,5,41,"29,758",297,3,2,121,"526,705",222,"1,948",2,15,2,0,"24,155","5,542","130,266",0,12,86,0,61,427,"2,036",34,24,136,698,0,0,0,25,26,0,0,0,"4,197","21,491","1,527",7,0,"2,428",42,"2,769","1,673",33,1,44,25,112,0,0,2,6,"781,345"
2009-09,140,"16,544",475,1,0,746,3,2,2,"3,636",6,45,22,292,10,314,173,522,969,130,339,45,12,46,"35,006",391,6,2,117,"529,217",780,"2,181",5,2,1,0,"24,867","5,568","136,411",0,6,100,0,78,480,"2,025",22,25,131,541,1,0,0,18,12,0,0,0,"4,026","21,293","1,266",10,7,"2,601",49,"2,765","1,862",71,6,59,29,146,0,1,1,7,"796,666"
2009-10,88,"18,768",587,1,1,717,0,0,8,"4,294",5,40,16,315,9,356,163,438,772,126,346,27,3,73,"40,266",283,3,2,160,"715,261","4,229","2,475",5,7,2,0,"29,925","6,815","173,013",1,13,227,0,103,519,"2,898",33,19,143,582,1,0,0,17,16,0,0,0,"4,976","24,446","1,657",6,1,"2,943",45,"2,871","2,113",43,0,65,32,114,0,0,0,9,"1,043,492"
2009-11,95,"21,454",534,0,0,738,2,3,1,"3,770",12,31,5,314,5,317,215,464,624,207,405,27,5,60,"36,144",173,3,1,125,"627,921","2,421","2,333",1,4,6,0,"29,630","6,166","143,128",1,2,214,0,72,407,"2,661",20,31,136,494,0,0,0,17,42,0,0,0,"4,317","22,676","1,409",12,2,"3,292",66,"3,012","2,079",49,2,54,24,100,0,0,0,7,"918,542"
2009-12,165,"20,681",449,0,0,616,0,4,1,"4,195",10,26,15,330,6,351,184,544,497,194,429,27,3,46,"33,034",257,3,1,130,"562,709","1,318","2,341",1,3,2,1,"26,075","5,791","132,839",0,4,274,0,63,469,"2,211",23,33,164,576,0,0,0,17,16,0,0,0,"3,738","21,617","1,286",11,0,"3,376",39,"2,762","2,224",45,4,44,27,94,0,0,0,1,"832,396"
2010-01,111,"22,008",460,0,0,723,1,5,1,"4,189",21,40,16,345,7,337,184,564,449,197,426,40,12,69,"41,989",287,0,0,164,"666,768","2,523","2,674",1,7,2,0,"29,934","7,351","174,936",0,3,183,0,68,423,"2,857",12,49,171,643,0,0,0,21,20,0,1,0,"4,966","22,378","1,515",15,0,"3,344",46,"3,069","2,082",62,4,65,31,149,0,0,2,4,"999,024"
2010-02,104,"24,779",518,3,1,972,2,1,1,"4,640",8,46,9,394,11,510,256,681,462,193,428,20,9,69,"46,444",425,1,0,163,"703,696","1,080","3,087",4,11,3,0,"31,549","7,625","160,157",0,10,107,0,52,532,"2,987",28,50,142,530,2,0,0,19,20,1,1,0,"5,168","26,069","1,186",17,1,"4,068",64,"3,754","3,419",64,2,73,27,140,0,0,0,8,"1,036,903"
2010-03,126,"29,912",474,3,0,"1,248",7,4,0,"5,430",16,48,14,452,14,597,200,"1,118",662,325,570,33,6,91,"54,593",426,10,0,140,"791,161","1,108","3,768",3,4,4,2,"34,574","9,163","197,133",0,7,126,0,65,632,"3,195",43,67,206,825,3,0,0,14,14,0,0,0,"6,022","27,749","1,428",14,3,"4,515",67,"4,567","3,035",129,1,91,31,156,0,2,0,4,"1,186,450"
2010-04,126,"24,446",404,0,0,"1,117",0,1,4,"5,259",14,51,3,370,14,410,129,667,646,179,424,46,7,46,"46,368",295,12,0,115,"679,268",682,"2,856",1,5,2,0,"30,945","7,308","146,394",0,6,43,0,47,530,"2,605",24,82,169,375,0,0,0,22,33,0,0,0,"4,491","20,466",948,7,2,"3,524",61,"3,437","2,508",59,0,66,24,155,0,1,0,3,"988,302"
2010-05,131,"24,543",566,0,0,"1,159",0,1,3,"4,901",10,32,10,381,12,375,142,631,960,182,353,23,7,56,"42,796",213,3,0,107,"744,762",814,"3,038",0,3,2,0,"31,999","7,295","171,408",0,5,27,0,50,587,"2,625",52,57,201,546,0,0,0,21,22,0,0,0,"4,291","20,525","1,120",20,3,"3,575",41,"2,905","2,259",47,2,66,23,155,0,2,0,7,"1,076,152"
2010-06,122,"25,734",434,1,0,"1,208",2,8,5,"4,614",7,46,10,435,13,438,133,661,"2,040",198,348,55,0,46,"43,336",219,7,0,215,"790,694",723,"3,259",1,4,4,3,"31,067","7,655","155,444",0,6,37,0,33,549,"2,808",39,50,194,530,1,0,0,25,16,0,0,0,"5,009","25,358","1,254",15,10,"3,642",80,"3,012","2,203",43,2,59,19,126,0,0,0,8,"1,114,317"
2010-07,127,"25,473",427,1,1,"1,216",0,4,3,"5,136",12,80,18,397,14,420,131,706,"1,791",163,447,24,6,39,"46,111",180,9,0,208,"798,327",605,"3,462",3,5,5,0,"35,945","8,147","158,716",0,6,60,0,29,693,"2,795",18,46,209,555,1,0,0,34,10,1,0,0,"5,238","31,171","1,473",26,3,"3,850",65,"3,373","2,158",42,4,69,31,148,0,0,1,5,"1,140,473"
2010-08,125,"21,992",442,6,0,"1,152",2,5,9,"4,406",6,46,8,387,13,471,166,759,"1,412",200,405,25,5,73,"43,496",198,10,3,141,"763,666",837,"3,089",1,7,3,0,"35,985","8,240","165,795",0,17,110,0,27,595,"2,632",18,16,205,584,3,0,0,17,23,2,0,0,"5,202","33,614","1,541",15,3,"3,801",62,"3,268","2,211",74,1,68,24,136,0,0,0,6,"1,107,861"
2010-09,158,"21,657",469,1,5,"1,354",1,1,4,"5,074",8,57,15,446,17,503,114,786,"1,262",229,438,11,4,45,"48,975",302,7,1,227,"777,867",787,"3,296",2,5,2,0,"35,987","9,552","171,570",0,8,129,0,21,602,"2,524",7,25,208,558,1,0,0,19,31,0,0,0,"5,618","33,760","1,511",13,3,"3,591",78,"3,492","2,270",104,0,61,26,245,0,1,0,4,"1,136,149"
2010-10,148,"23,897",529,2,0,"1,444",0,2,1,"4,427",10,47,11,487,12,472,178,730,909,229,501,26,5,61,"51,376",241,37,0,201,"820,740","1,012","3,249",4,3,3,0,"35,190","9,262","184,064",0,6,269,0,40,555,"2,757",2,28,213,497,1,0,0,24,25,0,0,0,"5,824","31,366","1,576",20,1,"3,944",60,"4,257","2,430",134,0,85,37,154,0,0,1,9,"1,193,825"
2010-11,121,"25,059",656,2,0,"1,155",2,2,2,"4,422",10,63,39,517,12,542,243,713,676,261,500,12,1,52,"48,738",179,74,1,124,"950,634",714,"3,046",3,5,2,0,"37,987","9,194","197,429",0,21,294,1,33,546,"2,871",3,18,191,483,0,0,0,26,17,0,0,0,"5,328","29,812","1,699",19,1,"4,064",50,"3,638","2,561",88,0,58,55,147,0,0,0,6,"1,335,222"
2010-12,153,"29,099",684,2,0,"1,117",1,5,0,"4,089",10,79,19,507,17,577,217,765,675,306,587,21,8,50,"45,923",296,12,0,184,"858,325",968,"3,032",1,4,4,0,"36,186","8,620","189,218",0,7,367,1,21,524,"2,925",1,14,232,506,0,0,0,21,35,0,0,0,"5,358","27,059","1,518",32,1,"5,004",75,"4,192","2,993",113,3,56,33,135,0,1,0,2,"1,232,990"
2011-01,181,"28,312",604,5,0,"1,042",1,9,5,"4,480",9,64,14,450,13,603,248,850,467,316,722,20,7,52,"55,542",440,14,2,164,"883,176",753,"3,234",2,11,6,0,"37,845","9,632","224,971",1,8,125,0,20,510,"3,195",6,18,165,549,1,0,0,26,20,0,0,0,"6,605","29,280","1,879",21,2,"4,611",63,"4,119","2,914",77,2,67,40,138,0,4,0,6,"1,308,738"
2011-02,145,"30,438",581,3,0,"1,065",1,6,2,"4,135",12,93,17,502,17,615,295,952,453,272,727,12,7,58,"54,494",536,10,1,185,"892,112","1,056","3,456",4,2,4,0,"36,966","8,713","183,571",1,6,86,0,26,531,"3,085",2,26,190,437,5,0,0,32,19,0,0,0,"6,426","31,194","1,249",11,1,"5,439",89,"4,714","3,537",102,3,111,71,151,0,0,0,4,"1,279,066"
2011-03,183,"35,916",732,0,0,"1,857",1,2,9,"4,780",9,114,11,692,30,813,280,"1,434",747,410,912,19,2,58,"62,515",621,17,1,226,"981,282",976,"4,156",2,7,3,0,"40,058","9,583","215,366",0,5,103,0,23,685,"3,288",6,36,241,503,0,0,0,34,14,0,0,0,"6,926","30,763","1,379",31,3,"6,404",100,"5,514","4,180",112,2,126,46,179,0,0,1,3,"1,424,531"
2011-04,150,"26,259",586,0,0,"1,319",1,1,1,"4,381",11,76,15,595,22,539,212,"1,042",659,275,648,19,8,70,"51,642",392,7,6,120,"857,696","1,523","3,476",3,9,1,0,"33,414","7,241","176,917",1,11,73,0,18,472,"2,462",1,24,185,407,1,0,0,19,14,0,2,0,"5,590","20,160",986,23,1,"4,166",52,"3,587","2,902",50,2,65,42,121,0,0,1,0,"1,210,774"
2011-05,138,"27,402",738,3,0,"1,127",1,7,3,"4,872",7,69,17,556,17,570,216,"1,050","1,068",256,621,16,5,59,"50,813",291,18,2,121,"953,413","1,501","3,434",0,5,4,2,"37,189","8,064","184,320",0,6,68,0,25,557,"2,629",3,26,183,349,0,0,0,20,21,1,4,0,"6,161","25,246","1,251",18,1,"4,224",57,"3,500","2,700",58,0,82,32,92,0,0,0,4,"1,325,313"
2011-06,187,"33,086",676,0,0,"1,099",6,3,3,"4,983",4,72,32,542,15,544,219,"1,130","2,394",265,553,25,4,53,"50,509",376,27,1,137,"975,517","1,643","3,554",0,5,4,0,"42,027","7,956","176,809",0,2,121,0,23,595,"2,735",6,45,189,395,1,0,0,34,12,0,6,0,"6,610","28,766","1,396",18,1,"4,811",51,"4,329","2,902",65,1,65,27,106,0,0,0,2,"1,357,774"
2011-07,178,"33,615",611,1,0,"1,087",4,3,3,"4,871",10,96,12,517,15,536,211,"1,029","2,174",270,559,14,0,81,"51,643",301,17,1,122,"920,668","1,457","4,347",1,38,2,0,"40,612","7,943","168,505",0,8,72,0,34,659,"2,934",3,56,248,492,0,0,0,22,36,0,1,1,"6,505","29,396","1,409",21,3,"4,878",59,"4,700","2,766",108,0,86,34,89,0,1,0,4,"1,296,179"
2011-08,186,"28,671",675,1,0,"1,072",6,0,1,"4,663",8,63,37,524,17,522,197,959,"1,766",228,536,23,1,67,"51,111",382,12,1,116,"875,034","1,316","3,909",2,11,5,0,"39,296","8,346","168,399",0,18,170,0,20,656,"2,899",3,33,213,480,1,0,0,20,5,1,0,0,"6,093","28,948","1,321",17,0,"4,065",37,"7,159","2,409",291,1,59,31,141,0,0,0,4,"1,243,258"
2011-09,173,"29,670",753,2,0,"1,191",5,9,1,"4,427",8,93,27,563,12,534,272,911,"1,313",222,596,20,4,64,"54,961",569,9,0,164,"910,458","1,142","3,883",1,29,2,3,"41,394","8,779","174,262",0,15,185,0,18,747,"2,959",0,57,219,510,0,0,0,31,28,3,0,0,"6,072","31,936","1,403",24,1,"5,101",55,"4,314","3,083",45,0,66,37,184,0,0,1,4,"1,293,624"
2011-10,180,"26,634",570,3,0,"1,171",0,4,1,"4,624",21,104,15,506,8,428,352,819,783,244,646,17,2,78,"56,922",332,16,1,139,"980,432","1,383","3,776",1,5,2,0,"37,005","9,586","192,125",0,7,237,0,14,670,"2,409",4,45,239,462,0,0,0,26,17,0,0,0,"6,832","32,577","1,560",22,6,"4,277",39,"3,817","2,482",69,1,79,30,154,0,0,0,2,"1,375,012"
2011-11,203,"35,167",606,2,0,"1,354",1,4,3,"4,294",12,131,25,705,13,528,418,931,733,316,849,19,3,80,"58,900",280,8,0,130,"1,192,551","2,281","3,740",2,36,3,1,"49,349","9,297","211,898",0,2,392,0,23,601,"3,575",4,26,147,436,1,0,0,16,16,0,1,0,"7,368","33,219","1,493",16,1,"5,889",78,"4,569","3,091",67,1,71,46,185,0,0,1,3,"1,636,211"
2011-12,187,"33,214",558,2,0,"1,041",1,8,7,"4,021",9,85,19,587,15,604,429,960,738,351,829,20,2,87,"52,199",245,8,0,144,"900,487","1,215","3,876",0,43,2,0,"35,508","9,610","182,860",0,14,329,0,23,745,"3,017",1,25,237,448,0,0,0,23,20,0,0,0,"6,123","27,487","1,513",12,0,"5,666",82,"4,889","3,376",74,0,58,29,125,0,1,0,5,"1,284,293"
2012-01,180,"32,492",726,1,0,"1,173",3,7,4,"4,624",13,88,20,561,10,525,310,980,517,303,877,9,4,53,"64,942",289,9,2,179,"1,011,552","1,010","4,381",3,22,1,0,"45,697","12,018","240,518",0,10,121,0,24,862,"3,596",7,30,202,644,2,0,0,35,16,1,1,0,"6,942","29,808","1,736",29,0,"4,990",104,"4,767","3,220",57,2,89,55,176,0,0,0,4,"1,481,633"
2012-02,194,"33,078",563,0,0,"1,262",2,2,3,"4,418",5,129,48,594,21,581,363,988,553,261,757,19,21,70,"62,616",429,20,1,153,"1,045,130","1,260","4,463",0,2,3,0,"48,625","11,060","210,271",0,5,134,0,22,742,"3,276",1,30,182,507,0,0,0,28,14,1,0,0,"6,803","30,135","1,289",11,4,"5,592",90,"4,871","3,575",97,0,90,31,136,0,0,0,5,"1,485,636"
2012-03,280,"36,453",635,2,0,"1,475",4,7,3,"5,416",9,118,23,710,15,640,286,"1,431",960,291,863,18,4,106,"69,630",463,13,1,182,"1,128,464","1,778","4,987",3,13,0,0,"49,121","12,782","276,391",0,3,171,0,33,863,"4,306",2,27,194,921,0,0,0,23,20,0,0,0,"7,125","31,707","1,635",60,1,"6,171",206,"5,276","3,918",122,2,96,41,149,0,0,1,4,"1,656,654"
2012-04,211,"29,953",578,1,0,"1,285",2,3,2,"5,581",9,105,20,553,18,460,265,"1,036",781,268,626,20,1,54,"59,389",292,8,1,178,"991,151","2,540","4,056",2,8,1,0,"42,433","8,960","192,387",0,5,200,0,27,672,"3,345",0,50,212,336,0,0,0,17,4,0,0,0,"5,726","24,406","1,024",27,1,"4,900",74,"3,746","2,814",177,0,80,42,134,0,1,0,6,"1,391,264"
2012-05,244,"34,813",532,4,0,"1,090",3,1,2,"5,517",8,106,13,536,12,514,231,"1,029","1,307",254,633,22,3,49,"54,418",268,17,1,157,"1,074,672","3,573","4,322",3,10,8,0,"43,539","9,291","194,004",0,3,98,0,33,694,"3,212",0,48,187,478,1,0,0,23,8,0,0,0,"6,197","27,790","1,114",12,2,"5,138",99,"4,292","2,767",201,1,59,30,94,0,0,0,2,"1,483,789"
2012-06,254,"35,519",556,1,0,832,4,2,3,"5,893",8,153,16,474,15,449,213,889,"3,417",260,572,28,5,45,"51,640",223,18,1,172,"1,025,026","4,545","4,383",1,5,2,0,"43,640","9,570","194,070",0,6,38,0,16,703,"3,061",5,41,182,570,0,0,0,18,20,0,0,0,"5,936","30,089","1,362",13,1,"4,969",98,"5,817","2,554",176,1,59,26,97,0,0,1,3,"1,438,766"
2012-07,211,"37,047",799,2,0,938,0,1,2,"5,769",5,155,20,542,17,446,139,956,"2,402",264,651,22,7,69,"52,829",217,25,2,165,"1,001,544","6,342","4,621",0,8,1,1,"43,061","9,651","200,374",0,5,26,0,31,715,"3,437",6,27,233,639,0,0,0,29,13,4,0,0,"6,292","32,784","1,344",5,2,"5,491",109,"4,825","2,589",179,0,75,27,104,0,0,0,3,"1,428,299"
2012-08,242,"30,085","1,028",0,0,"1,078",0,9,0,"5,431",8,109,21,476,19,415,144,904,"1,895",248,554,29,6,36,"51,792",205,8,1,197,"971,980","4,485","4,502",16,6,2,0,"42,317","9,695","185,884",0,10,48,0,23,774,"3,508",1,16,188,520,1,0,0,22,2,2,0,0,"5,788","31,234","1,122",12,0,"4,763",132,"4,763","2,455",299,0,57,30,111,0,1,0,3,"1,369,712"
2012-09,242,"28,880","1,108",1,0,989,0,6,2,"4,984",8,115,18,411,15,396,233,855,"1,482",226,570,20,14,85,"53,589",294,7,0,156,"854,401","2,319","4,260",2,0,5,0,"40,947","9,437","165,452",0,11,26,0,21,594,"2,636",0,23,197,537,0,0,0,18,13,1,0,1,"5,909","32,937","1,338",9,1,"4,883",136,"3,691","2,436",47,5,59,26,163,0,0,1,1,"1,227,249"
2012-10,277,"30,988","1,113",1,0,849,1,4,6,"4,917",9,116,46,486,12,399,248,869,964,212,653,26,11,55,"58,669",297,4,0,170,"929,769","2,468","4,590",1,4,1,0,"41,908","10,932","181,994",0,18,53,0,15,713,"3,144",3,15,216,559,0,0,0,22,32,2,0,0,"5,934","36,027","1,132",19,2,"4,925",83,"3,365","2,373",20,0,88,40,168,0,0,1,7,"1,332,045"
2012-11,339,"33,688",926,7,0,670,1,6,0,"4,929",7,123,25,544,8,373,319,824,637,303,675,26,14,74,"60,845",184,6,1,161,"1,253,426","2,928","4,941",1,4,6,0,"52,311","11,753","229,770",0,15,101,0,28,799,"3,413",0,13,175,533,0,0,0,28,14,0,0,0,"7,014","41,023","1,337",18,3,"6,050",113,"3,170","2,392",8,1,80,41,192,0,0,0,4,"1,727,420"
2012-12,324,"38,396","1,062",4,0,623,0,5,0,"3,712",8,106,34,522,15,445,329,763,652,320,699,28,8,54,"53,318",223,4,1,143,"1,077,482","1,826","4,823",4,2,3,0,"43,896","11,154","196,581",0,12,63,0,13,740,"3,234",1,15,170,437,0,0,0,22,9,0,0,0,"5,801","33,567","1,014",14,1,"6,425",184,"3,385","2,822",24,1,65,47,175,0,0,0,1,"1,495,811"
2013-01,338,"36,409",916,4,0,700,1,8,0,"3,981",29,122,34,528,25,414,292,866,569,317,719,26,2,44,"61,264",330,8,1,224,"1,099,318","2,376","5,542",2,3,6,0,"47,594","13,215","244,339",0,17,58,0,15,738,"3,835",1,16,154,632,0,0,0,21,22,1,0,0,"6,459","35,346","1,221",21,3,"5,698",238,"3,611","2,842",25,0,65,26,280,0,0,0,2,"1,581,913"
2013-02,289,"35,891",752,1,0,698,1,5,1,"3,680",9,86,33,449,13,371,414,780,558,309,737,35,1,52,"55,930",387,5,0,222,"1,041,550","1,011","5,610",0,2,4,0,"47,427","11,577","194,641",0,18,40,0,18,667,"3,272",1,27,156,482,0,0,0,31,6,1,0,0,"6,296","35,260",821,16,1,"5,718",232,"4,201","3,133",30,3,54,38,233,0,0,0,2,"1,464,288"
2013-03,262,"41,215",802,5,0,674,1,5,1,"4,589",12,47,54,470,15,345,447,"1,007",755,283,782,23,10,52,"61,908",456,11,1,236,"1,035,498",732,"6,181",1,6,2,1,"44,001","13,022","206,486",0,12,58,0,18,755,"3,391",1,33,261,689,0,0,0,45,10,0,0,0,"6,511","33,016",988,21,0,"8,675",188,"4,934","4,849",22,0,75,38,235,0,0,0,3,"1,485,226"
2013-04,280,"35,187",900,3,0,649,0,3,0,"5,622",13,35,41,459,27,398,321,892,927,321,692,25,3,59,"60,863",357,5,4,275,"1,070,781","1,311","5,337",0,9,0,0,"43,449","11,566","203,767",0,19,74,0,20,861,"3,508",0,46,253,505,0,0,0,35,12,0,0,0,"5,990","26,175",822,36,0,"5,109",117,"3,943","2,483",38,0,69,31,236,0,1,0,5,"1,494,969"
2013-05,435,"38,081",677,3,0,483,0,2,1,"5,757",15,24,21,427,19,353,216,848,"1,552",283,659,30,7,52,"51,900",255,8,1,226,"1,135,358","1,254","4,830",1,3,3,0,"41,286","10,122","195,279",0,13,37,0,22,700,"3,052",15,32,193,414,0,0,0,21,7,1,0,0,"5,906","27,475",576,13,4,"5,312",102,"3,888","2,497",14,1,78,20,172,0,1,0,2,"1,541,039"
2013-06,375,"40,882",835,3,0,406,1,2,1,"5,864",10,25,18,449,11,303,260,760,"3,018",248,654,28,12,39,"47,719",265,6,1,134,"1,031,120","1,196","4,450",2,4,1,0,"39,333","10,137","168,352",0,6,48,0,21,692,"3,037",1,64,205,504,0,0,0,27,13,1,0,0,"5,435","27,518",708,10,3,"5,863",111,"4,108","2,566",31,0,55,32,137,0,0,0,5,"1,408,125"
2013-07,603,"41,707",804,2,0,419,4,2,2,"5,897",19,30,35,447,13,304,209,754,"2,408",260,583,14,6,50,"50,545",203,11,0,91,"1,005,656","1,366","4,554",5,5,2,0,"42,955","10,394","178,451",0,8,56,0,27,710,"2,860",3,75,185,541,0,0,0,40,7,2,0,0,"5,648","30,280",629,18,4,"6,530",95,"3,816","2,521",26,0,42,18,148,0,0,0,0,"1,403,099"
2013-08,441,"34,080",657,1,0,439,0,2,3,"4,992",18,23,58,268,16,268,216,574,"1,694",215,490,16,6,52,"43,590",213,6,3,99,"911,232","1,824","3,816",3,2,0,0,"36,435","9,520","170,421",0,7,51,0,25,580,"2,877",4,66,188,538,0,0,0,23,9,0,0,0,"4,920","25,913",537,16,0,"5,310",102,"2,779","1,914",22,0,56,21,123,0,0,0,1,"1,267,775"
2013-09,349,"35,266",664,0,0,422,0,4,4,"4,909",13,29,41,260,22,228,205,670,"1,070",229,568,20,27,30,"45,655",326,12,1,274,"945,771","3,270","3,725",2,8,3,0,"39,149","9,709","166,863",0,7,86,0,30,750,"2,779",2,87,148,509,0,0,0,29,13,2,0,0,"5,356","27,811",565,8,3,"5,768",102,"2,675","2,071",45,0,47,24,211,0,0,0,1,"1,308,927"
2013-10,364,"37,741",864,2,1,504,0,4,2,"4,979",11,22,28,398,14,325,242,723,"1,045",244,597,34,8,38,"52,794",345,6,0,314,"1,176,073","3,775","4,296",0,7,4,0,"41,156","10,156","210,178",0,16,126,0,25,706,"3,324",1,83,139,530,0,0,0,18,15,1,0,0,"6,940","35,774",731,21,1,"6,708",126,"3,325","2,487",66,0,59,22,201,0,0,0,7,"1,608,746"
2013-11,435,"36,756",737,3,0,283,0,5,4,"3,499",13,27,25,434,10,242,283,621,600,227,564,13,26,31,"47,833",247,4,4,208,"1,334,712","3,697","3,877",2,12,1,0,"45,461","9,117","194,462",0,10,108,0,29,516,"3,380",3,89,142,405,0,0,0,19,25,2,0,0,"6,950","32,863",723,17,2,"7,400",88,"4,909","3,016",148,1,44,24,147,0,0,0,6,"1,745,541"
2013-12,415,"48,326",885,4,0,337,3,1,2,"3,469",15,30,17,475,13,286,306,659,527,246,688,18,8,45,"42,137",316,3,1,200,"1,064,562","2,579","3,634",1,1,4,0,"37,504","8,109","164,110",0,8,106,0,19,522,"3,034",0,68,109,358,0,0,0,15,17,1,0,0,"5,823","26,872",592,7,0,"7,763",121,"5,763","3,534",185,1,32,23,123,0,1,0,6,"1,435,039"
2014-01,548,"47,802","1,037",3,0,477,0,4,2,"3,710",16,27,70,455,21,352,269,709,495,280,697,37,3,35,"48,701",446,7,3,279,"1,188,104","3,314","3,958",0,2,2,0,"45,138","10,219","238,307",0,15,74,0,27,561,"3,757",3,92,186,533,0,0,0,21,13,0,0,0,"7,087","28,614",683,10,0,"6,860",151,"6,399","3,163",224,0,38,21,146,0,0,0,3,"1,654,210"
2014-02,493,"38,479",993,2,0,501,0,2,0,"3,467",12,29,27,396,9,326,244,580,434,212,622,26,12,41,"42,267",629,17,1,258,"1,059,623","2,270","3,199",2,2,3,0,"40,930","8,137","168,096",0,7,69,0,26,481,"3,057",2,64,144,419,0,0,0,18,12,0,0,0,"6,094","25,204",624,8,2,"5,996",106,"5,454","2,855",454,1,53,17,127,0,0,1,9,"1,423,645"
2014-03,470,"43,509","1,012",4,0,746,2,1,0,"3,886",11,32,6,626,27,320,335,719,633,267,639,29,9,40,"47,756",539,10,1,234,"1,192,009","2,617","3,685",1,4,1,0,"42,980","9,388","208,505",0,16,79,0,26,484,"3,743",0,66,196,708,0,0,0,13,4,0,0,0,"6,805","30,185",556,11,0,"7,680",140,"6,373","3,807",324,1,57,17,91,0,1,0,5,"1,622,441"
2014-04,384,"34,487",727,3,0,"1,073",0,1,0,"3,975",10,29,29,673,15,229,238,583,751,238,455,33,5,28,"44,662",305,8,0,143,"1,165,056","2,617","3,328",1,6,12,0,"41,794","7,588","192,635",1,7,62,0,22,448,"3,637",1,39,137,230,0,0,0,14,9,0,0,0,"5,913","25,238",502,11,1,"5,538",63,"4,754","2,385",204,3,43,11,82,0,0,0,3,"1,551,479"
2014-05,404,"41,264",900,2,0,780,0,4,0,"4,396",15,27,37,422,21,275,250,628,"1,458",190,484,33,8,54,"43,332",325,11,1,170,"1,272,716","1,819","3,336",0,7,6,0,"42,281","7,668","201,434",0,1,76,0,19,461,"3,293",0,49,187,339,0,0,0,17,10,0,0,0,"6,365","30,384",544,9,1,"6,040",60,"5,478","2,652",291,1,34,17,77,0,0,0,9,"1,681,172"
2014-06,548,"45,544",966,1,0,684,0,4,0,"5,030",12,18,30,377,16,245,187,601,"2,554",218,488,21,3,53,"41,104",287,4,0,224,"1,213,678","1,976","3,535",3,7,1,0,"42,168","7,787","188,399",0,6,75,0,28,498,"3,189",1,63,246,442,0,0,0,21,13,2,0,0,"6,665","35,413",480,5,0,"7,603",96,"5,601","3,010",259,0,33,19,44,0,1,0,15,"1,620,601"
2014-07,583,"46,895",941,1,0,"1,079",1,3,1,"5,216",15,32,47,443,15,304,201,645,"2,236",225,547,25,6,45,"44,222",247,6,1,342,"1,194,948","1,747","3,733",1,4,2,0,"43,864","7,899","198,328",0,4,61,0,27,605,"3,355",2,78,178,431,0,0,0,12,8,3,0,0,"6,812","37,864",491,11,1,"10,004",83,"6,204","3,486",397,0,46,15,61,0,0,0,12,"1,625,101"
2014-08,349,"37,161","1,170",3,0,980,0,2,1,"4,470",9,18,36,405,9,271,154,543,"1,754",171,477,24,4,47,"39,982",257,7,3,266,"1,073,106","2,173","3,294",0,7,3,0,"38,335","7,932","181,858",0,9,67,0,27,541,"3,045",0,67,204,420,0,0,0,14,9,2,1,0,"5,917","36,229",511,11,3,"6,461",120,"9,003","2,859","1,440",0,25,21,48,0,0,0,11,"1,462,346"
2014-09,650,"33,826",976,1,0,"1,140",2,1,0,"4,061",17,38,46,500,17,301,197,691,"1,285",197,489,26,2,44,"46,945",415,7,0,319,"1,134,258","2,320","3,516",0,4,2,0,"41,911","8,554","189,660",0,8,62,0,26,500,"3,340",0,103,182,431,0,0,0,15,13,0,0,0,"6,776","41,824",537,10,0,"6,753",106,"4,581","2,761",142,0,45,19,70,0,0,1,13,"1,540,736"
2014-10,544,"30,062",858,0,0,971,0,4,0,"3,529",13,24,24,352,12,282,212,573,678,176,443,25,0,38,"46,593",260,5,0,193,"1,306,530","2,661","3,024",0,4,2,0,"44,457","7,508","208,075",0,11,125,0,26,372,"2,844",2,82,144,399,0,0,0,9,7,0,0,0,"6,721","35,847",486,7,5,"5,985",53,"3,118","2,756",26,0,35,13,85,0,0,0,5,"1,717,295"
2014-11,476,"54,174",930,2,0,"1,090",1,0,1,"3,295",7,16,26,375,10,311,318,587,608,252,494,18,2,54,"48,788",249,13,0,249,"1,451,207","2,355","3,247",4,7,2,0,"51,806","7,772","200,986",0,11,90,0,35,309,"3,110",1,70,147,322,0,0,0,8,11,0,0,0,"7,617","36,458",460,6,1,"7,858",75,"4,213","3,794",64,1,41,9,90,0,0,0,2,"1,894,535"
2014-12,562,"55,706",639,0,3,"1,036",0,5,1,"3,120",16,21,17,430,18,273,321,638,513,303,578,20,14,50,"40,240",247,6,2,356,"1,083,343","1,397","2,751",1,1,2,0,"39,318","7,793","187,621",0,6,75,0,28,375,"2,685",2,57,135,345,0,0,0,9,13,1,0,0,"6,313","29,202",474,4,0,"7,511",98,"4,022","3,745",45,0,31,20,91,0,0,0,4,"1,482,653"
2015-01,419,"36,284",873,4,0,"1,310",0,3,1,"3,531",10,13,30,385,19,284,301,656,448,288,545,26,9,40,"49,850",284,6,0,327,"1,152,634","2,045","3,380",1,2,4,0,"41,397","10,053","260,530",0,24,78,0,27,384,"3,762",2,72,162,493,0,0,0,13,8,0,0,0,"6,884","30,142",453,6,6,"6,231",95,"3,987","3,464",41,1,29,17,124,0,0,0,3,"1,622,500"
2015-02,557,"33,743",645,7,0,"1,386",0,2,1,"3,481",17,32,27,401,24,259,320,634,524,278,506,21,1,41,"47,170",453,4,0,309,"1,137,237","1,478","3,237",1,2,2,0,"45,646","9,028","199,045",0,11,77,1,29,370,"3,271",1,41,130,341,0,0,0,14,7,0,0,0,"6,905","27,916",309,8,1,"6,256",81,"4,861","3,878",63,2,31,21,110,0,0,1,3,"1,541,258"
2015-03,472,"36,572",694,1,0,"1,438",1,5,0,"4,657",12,29,25,480,17,277,333,729,803,313,611,29,2,55,"50,586",445,10,4,513,"1,200,232","1,656","3,567",2,10,3,0,"45,293","11,166","211,667",0,13,62,0,29,343,"3,249",1,55,188,352,0,0,0,11,4,0,0,0,"6,884","29,572",416,15,4,"7,027",78,"5,262","4,475",172,0,53,19,97,0,0,0,0,"1,631,090"
2015-04,500,"28,972",655,2,0,"1,389",0,3,1,"5,010",11,25,25,413,14,265,280,692,989,241,468,29,30,55,"46,387",330,8,0,344,"1,171,886","1,609","3,354",1,2,0,0,"41,575","9,978","203,999",0,11,78,0,27,335,"2,997",2,73,235,342,0,0,0,8,10,0,0,0,"6,168","24,172",294,12,0,"5,221",59,"4,675","3,263",123,1,32,18,75,0,0,0,9,"1,567,782"
2015-05,498,"30,936",758,0,0,"1,251",8,2,0,"5,216",13,30,34,408,12,266,370,669,"1,543",232,394,58,7,56,"43,440",275,9,1,237,"1,263,577","1,731","3,480",2,3,6,0,"40,324","9,764","196,996",0,12,81,0,25,337,"2,869",1,104,187,387,0,0,0,12,8,1,0,0,"6,162","25,167",318,5,0,"5,501",74,"4,763","3,271",185,2,49,9,73,0,0,1,42,"1,652,252"
2015-06,828,"36,340",650,1,0,"1,242",1,1,3,"6,247",9,32,16,473,13,255,287,722,"2,964",255,369,17,24,57,"44,403",196,7,0,408,"1,297,716","1,384","3,482",0,6,3,0,"45,599","10,605","196,046",0,5,125,0,26,460,"2,855",3,127,277,465,0,0,0,9,8,1,0,0,"6,672","31,200",526,12,0,"6,528",68,"4,515","3,542",240,1,38,21,71,0,0,0,30,"1,708,486"
2015-07,565,"38,297",810,1,0,"1,502",0,3,1,"6,386",9,41,19,432,16,307,219,766,"2,508",268,390,33,4,76,"44,131",234,10,3,580,"1,244,772","1,373","3,641",0,7,10,0,"46,915","11,171","189,282",0,15,135,0,28,471,"3,035",1,144,252,486,1,0,0,23,9,5,0,0,"6,676","33,759",339,9,13,"7,323",70,"5,094","3,993",310,0,37,14,78,0,0,0,126,"1,657,228"
2015-08,815,"31,851",849,2,0,"1,482",0,2,0,"5,411",7,41,25,374,18,282,210,652,"1,905",227,419,36,6,54,"42,471",350,5,1,643,"1,094,867","1,099","3,157",1,4,0,0,"39,484","10,967","180,543",0,12,80,0,23,438,"2,545",0,74,195,437,1,0,0,6,18,0,0,0,"5,872","32,563",457,4,2,"6,833",70,"4,354","3,741",220,0,29,18,82,0,0,1,502,"1,476,837"
2015-09,694,"29,013",817,1,0,"1,873",1,3,3,"4,560",9,30,43,414,10,276,278,750,"1,327",257,400,22,4,60,"48,767",418,9,0,717,"1,137,564","1,182","3,343",0,8,2,0,"40,857","11,532","198,993",0,10,78,0,29,304,"2,487",0,75,163,484,0,0,0,15,14,0,0,0,"6,030","33,765",414,10,2,"5,735",74,"3,977","3,300",370,0,39,24,101,0,0,1,693,"1,542,431"
2015-10,911,"26,192","1,028",2,0,"1,658",0,2,0,"4,242",14,43,37,389,18,278,396,714,760,288,444,29,16,61,"50,505",349,3,2,733,"1,144,264","1,235","2,887",0,7,5,0,"39,786","11,177","200,921",0,11,133,0,24,320,"2,639",1,53,194,375,1,0,0,15,9,1,0,0,"6,432","33,785",350,10,0,"6,474",70,"4,082","3,623",302,0,48,16,143,0,0,2,820,"1,549,329"
2015-11,870,"27,371",707,1,0,"1,742",0,1,1,"4,079",20,47,30,445,26,244,334,566,598,303,409,29,1,57,"50,181",307,4,4,"1,045","1,499,544","1,858","2,943",0,5,3,0,"52,726","11,187","237,608",0,19,176,0,24,286,"3,139",0,41,236,347,1,0,0,14,5,1,0,0,"7,193","34,386",364,9,1,"6,390",44,"4,084","3,175",203,4,38,9,121,0,0,3,"1,058","1,956,667"
2015-12,992,"36,217","1,092",4,0,"1,570",0,2,1,"3,810",13,29,35,426,36,285,364,813,525,377,543,47,3,56,"45,567",384,2,3,"1,151","1,314,185","1,162","2,769",0,3,6,0,"49,517","10,382","213,234",0,6,184,0,23,355,"3,365",1,54,156,265,1,0,0,19,11,0,0,0,"6,575","33,602",242,8,0,"8,031",72,"6,271","4,185",538,1,41,9,108,0,0,3,"1,874","1,751,605"
2016-01,625,"33,760",864,1,0,"1,791",2,1,1,"3,959",14,22,35,574,26,305,378,830,466,379,597,17,16,40,"53,009",417,3,4,932,"1,249,550","1,013","3,177",1,2,3,0,"46,462","14,682","254,421",0,14,205,0,31,309,"3,473",1,72,254,437,0,0,0,16,7,1,0,0,"7,127","34,608",194,5,3,"6,482",82,"7,926","3,796",876,1,49,12,180,0,0,8,"1,660","1,736,208"
2016-02,937,"33,636",838,4,0,"2,201",0,2,0,"4,446",15,37,20,471,50,280,474,958,645,430,503,55,2,61,"57,025",634,12,0,830,"1,287,685","1,127","3,272",3,2,6,0,"51,654","13,796","217,471",0,15,299,0,26,420,"3,077",2,60,222,375,0,0,0,10,12,0,0,0,"7,516","35,190",226,6,1,"7,552",72,"5,347","4,662",75,0,55,15,160,0,0,8,"2,224","1,747,209"
2016-03,770,"35,061",964,1,0,"2,828",0,6,0,"5,252",18,33,11,609,39,304,494,"1,151",969,503,515,59,9,65,"58,785",610,9,1,531,"1,288,420",918,"3,576",1,8,5,0,"48,225","13,822","222,246",0,15,249,1,23,418,"3,133",0,60,258,362,0,0,0,11,29,1,0,3,"7,584","39,714",235,8,4,"8,715",76,"5,530","5,042",63,1,59,19,203,0,0,10,"4,232","1,762,876"
2016-04,784,"28,936",713,4,0,"1,891",0,1,1,"5,236",16,27,33,512,35,277,349,958,"1,146",382,436,23,5,38,"51,707",352,6,1,461,"1,309,676","1,234","3,038",1,10,1,0,"43,155","12,815","207,389",0,16,144,0,122,352,"2,829",1,65,271,306,1,0,0,14,9,0,0,0,"6,496","35,992",169,10,0,"6,375",71,"4,098","4,032",62,0,41,18,139,0,0,7,"3,208","1,736,497"
2016-05,716,"35,846",814,4,0,"1,799",0,3,0,"6,010",16,34,34,573,45,346,350,931,"2,078",461,465,25,13,59,"52,168",299,9,0,352,"1,397,865","1,175","3,053",2,10,6,0,"45,994","14,021","217,460",0,16,192,0,30,341,"2,685",0,59,246,331,0,0,0,10,7,2,0,0,"7,291","36,322",174,7,1,"6,934",69,"4,719","4,193",154,1,42,15,127,0,0,14,"3,823","1,850,841"
2016-06,732,"37,218",768,2,0,"2,314",2,3,0,"6,831",17,42,26,659,23,310,265,960,"3,444",409,479,39,6,71,"49,983",331,6,2,257,"1,369,268",925,"3,169",0,4,10,0,"48,307","15,167","204,282",0,8,137,0,34,365,"2,667",0,67,286,363,0,0,0,17,13,0,0,0,"7,424","38,646",198,5,6,"7,986",108,"5,455","4,412",175,0,44,17,135,0,0,15,"4,844","1,819,758"
2016-07,786,"34,259",721,1,0,"1,163",0,4,0,"5,596",18,45,36,530,14,315,185,952,"2,406",350,436,28,3,54,"42,340",197,4,0,152,"1,268,074","1,196","2,947",2,11,4,0,"42,761","14,378","201,284",0,5,157,0,42,318,"2,580",0,92,182,321,0,0,0,22,15,1,0,0,"6,306","34,127",221,6,2,"8,421",126,"5,598","4,515",464,0,35,25,122,0,0,15,"4,125","1,689,095"
2016-08,600,"29,266",859,1,0,969,0,2,0,"5,720",13,34,37,560,14,297,241,855,"1,857",304,399,21,1,64,"43,620",285,8,0,158,"1,238,039","1,204","3,068",1,9,4,0,"43,694","16,392","215,543",0,16,259,0,44,322,"2,486",0,41,226,426,0,0,0,25,11,3,0,0,"6,498","35,006",214,8,2,"7,919",437,"4,185","4,389",63,0,30,15,181,0,0,18,"3,817","1,670,780"
2016-09,636,"27,618",830,4,0,"1,525",0,7,1,"5,675",12,34,41,554,16,332,365,913,"1,428",338,424,22,3,66,"48,000",317,11,0,153,"1,215,967",980,"2,961",0,18,5,0,"42,378","17,234","200,246",0,10,229,0,107,378,"2,824",1,46,159,392,0,0,0,18,11,4,1,0,"6,970","35,813",219,5,2,"7,174",692,"4,318","4,085",95,1,33,18,186,0,0,22,"3,974","1,636,901"
2016-10,703,"31,305",803,4,0,"1,965",0,5,0,"5,685",17,35,36,565,25,314,423,857,907,377,503,50,2,59,"53,058",280,7,1,183,"1,490,025","1,349","2,948",3,9,2,0,"47,276","17,206","265,491",0,11,323,0,88,370,"2,781",0,22,237,475,0,0,0,8,24,0,0,0,"7,959","37,322",179,4,0,"7,564",420,"4,458","4,132",162,0,68,11,179,0,0,29,"6,031","1,995,335"
2016-11,627,"38,459",961,2,0,"1,730",0,2,1,"4,211",12,35,16,593,34,344,445,962,691,459,601,16,4,48,"52,066",274,5,0,235,"1,657,702","1,835","2,729",0,5,2,0,"56,616","14,459","231,990",0,6,315,0,153,330,"3,016",1,31,166,378,0,0,0,20,29,0,0,1,"7,403","31,130",184,14,2,"8,402",393,"3,877","4,292",180,0,51,11,208,0,0,17,"4,556","2,133,337"
2016-12,874,"41,828",889,4,0,"1,291",0,5,0,"4,741",8,32,12,624,37,329,428,831,625,413,650,27,2,45,"39,498",292,12,0,605,"1,144,799",591,"2,241",1,7,2,0,"39,556","12,289","193,611",0,6,221,0,158,383,"2,559",0,34,151,249,1,0,0,20,21,0,0,0,"5,992","23,149",126,7,2,"9,173",565,"5,466","4,824",406,0,43,7,140,0,0,59,"4,244","1,545,205"
2017-01,712,"29,938",908,2,0,"1,165",0,1,1,"4,153",22,41,16,664,27,314,414,783,600,464,524,20,4,48,"45,337",214,12,1,840,"1,177,983",541,"2,997",2,10,2,0,"38,306","16,715","264,594",0,13,259,0,367,339,"3,010",2,22,209,389,0,0,0,6,11,1,0,0,"6,533","23,771",142,41,0,"7,176",528,"3,351","3,875",27,0,39,12,163,0,0,27,"4,269","1,642,957"
2017-02,849,"32,240",737,2,1,"1,479",0,2,0,"4,039",38,24,13,563,28,251,590,858,583,468,503,18,7,32,"51,896",316,2,1,861,"1,227,092",586,"2,958",0,7,2,0,"41,995","15,049","220,884",1,15,313,0,"2,099",317,"2,751",2,16,271,301,0,0,0,19,18,0,0,0,"7,494","25,702",151,13,2,"6,600",370,"3,735","4,024",51,0,50,9,155,0,0,47,"4,193","1,663,693"
2017-03,"1,436","54,547","1,443",4,2,"4,130",3,3,1,"8,911",58,44,15,"1,052",64,474,"1,008","1,409","1,388",729,776,30,20,91,"87,203",460,13,3,"1,167","1,671,148",998,"4,331",1,20,13,0,"58,626","17,813","257,810",0,20,634,1,"10,208",567,"3,406",0,35,262,398,1,0,0,22,32,0,0,0,"11,649","33,887",241,12,0,"8,829",335,"4,657","5,192",49,5,97,15,580,0,0,76,"5,503","2,263,957"
2017-04,"1,165","23,675","1,228",2,0,"1,694",0,5,0,"6,161",92,24,12,621,30,287,673,856,"1,542",432,550,20,3,59,"59,175",376,11,0,"1,033","1,467,765",741,"2,862",1,12,2,0,"45,557","12,521","228,731",0,14,"1,128",0,"14,284",396,"2,902",1,47,208,379,0,0,0,15,41,0,0,0,"9,128","26,280",164,9,3,"6,184",489,"3,017","3,507",28,1,22,15,125,0,0,93,"4,652","1,931,050"
2017-05,"1,095","32,753","1,196",2,0,853,7,3,0,"4,951",170,36,18,656,35,324,462,840,"2,391",403,567,21,5,44,"43,559",500,10,2,"1,271","1,549,542",979,"2,625",0,21,3,0,"47,325","10,870","243,123",0,19,357,0,"11,308",319,"2,618",1,54,181,373,0,0,0,12,21,0,0,0,"6,751","24,487",201,7,1,"5,433",295,"3,358","3,427",14,2,18,11,77,0,0,172,"6,683","2,012,862"
2017-06,"1,059","46,402",696,2,0,"1,688",22,10,0,"5,949",95,114,6,768,34,378,266,"1,210","3,556",479,576,39,9,43,"42,603",319,3,1,589,"1,461,663","1,053","2,622",1,7,4,0,"45,120","9,711","247,474",0,19,353,0,"13,486",334,"2,291",1,38,327,349,0,0,0,12,22,0,0,0,"7,075","27,301",170,6,1,"7,145",352,"3,674","3,646",25,1,41,8,64,0,0,117,"7,128","1,948,557"
2017-07,951,"56,845",687,0,0,"1,424",91,4,0,"4,878",103,328,14,868,44,308,351,"1,187","2,619",484,765,21,5,56,"43,668",271,11,1,425,"1,334,214",765,"2,084",0,5,10,0,"44,742","8,157","226,852",0,50,285,0,"13,226",348,"2,410",1,45,173,389,0,0,0,19,22,2,0,0,"6,894","28,496",174,7,3,"9,202",466,"3,935","4,199",18,0,28,10,69,0,0,122,"8,750","1,812,581"
2017-08,761,"40,774",680,1,0,"1,544",121,1,0,"4,001",62,28,22,675,21,288,287,"1,109","2,029",345,517,13,64,71,"44,362",200,7,4,832,"1,271,727","1,022","2,141",0,19,20,0,"44,278","9,496","228,416",0,25,342,0,"13,973",342,"2,669",1,34,219,622,0,0,0,18,14,0,0,1,"6,574","31,302",222,4,3,"7,367",385,"3,122","3,558",16,0,18,10,81,0,0,97,"8,877","1,735,834"
2017-09,867,"33,850",676,2,0,"2,942",139,10,0,"4,492",77,224,23,758,41,324,360,"1,014","1,399",240,504,11,4,88,"51,470",176,11,1,944,"1,296,726",869,"2,145",0,2,47,0,"45,813","10,450","252,145",0,65,326,0,"13,622",352,"2,644",2,28,247,419,0,0,0,11,12,0,0,0,"7,058","36,197",158,13,1,"6,441","1,060","3,003","3,867",4,0,38,8,69,0,0,86,"7,392","1,791,967"
2017-10,"1,219","31,054",649,1,0,"2,001",11,5,0,"3,671",70,76,18,818,24,256,391,791,863,283,532,21,9,45,"59,629",171,3,2,232,"1,704,794",828,"2,445",0,6,4,0,"58,891","10,211","273,326",0,48,394,0,"25,432",305,"2,684",0,17,192,397,0,0,0,24,21,0,0,0,"8,162","40,727",208,16,3,"6,849",638,"3,515","3,881",6,1,40,22,124,0,1,98,"7,174","2,254,329"
2017-11,"1,833","49,656",802,3,0,"1,616",40,24,0,"3,800",124,54,15,"1,167",40,350,583,"1,140",838,425,800,67,4,98,"69,137",180,10,1,898,"1,849,654","1,751","2,527",2,12,5,0,"71,840","11,430","265,047",0,18,495,0,"25,155",314,"2,993",0,13,240,419,0,0,0,10,29,0,0,0,"10,003","50,215",176,13,1,"10,253",630,"3,882","5,675",7,1,23,19,129,0,0,171,"9,538","2,456,395"
2017-12,"1,379","48,707",793,0,0,"2,042",202,6,0,"3,477",154,36,13,"1,214",38,366,763,"1,046",656,531,879,17,12,84,"56,878",297,10,1,848,"1,288,527","1,202","1,909",1,5,2,0,"48,446","9,467","219,974",0,23,491,0,"16,224",258,"2,165",2,13,190,346,1,0,0,11,26,0,0,0,"7,624","42,594",157,8,0,"10,859",390,"5,217","5,341",10,0,38,13,98,0,0,177,"8,599","1,790,857"
2018-01,"1,278","42,490",840,2,0,"3,336",151,10,0,"3,592",150,27,26,"1,261",46,361,881,"1,219",777,603,863,29,8,72,"74,446",282,6,0,847,"1,497,153",907,"2,561",1,5,1,0,"51,858","13,347","300,224",0,133,590,0,"19,092",425,"2,521",0,13,254,447,0,0,0,15,29,0,0,0,"9,011","48,928",193,16,0,"10,507",389,"5,087","5,031",8,1,43,16,145,0,1,191,"8,424","2,111,170"
2018-02,"1,019","41,981",636,2,0,"3,274",209,2,2,"3,482",96,48,34,"1,561",77,395,820,"1,391",897,623,895,42,4,107,"72,232",296,8,0,889,"1,374,742",900,"2,648",1,5,3,0,"47,820","11,172","232,570",0,228,623,0,"18,055",384,"2,413",3,20,159,371,0,0,0,17,39,0,0,1,"9,238","48,775",157,9,0,"9,668",313,"4,975","4,325",8,0,49,14,133,0,1,191,"6,843","1,907,895"
2018-03,"1,747","50,674",834,3,0,"4,157",194,4,0,"4,012",94,45,15,"2,129",39,379,981,"1,364","1,309",688,"1,026",34,35,80,"77,208",297,14,1,851,"1,600,487",833,"3,073",2,5,1,0,"50,640","14,079","266,671",0,76,718,1,"26,733",463,"2,550",0,35,320,415,0,0,0,12,41,0,0,2,"10,064","50,720",159,8,0,"12,307",312,"5,019","4,995",5,0,50,24,81,0,4,173,"6,849","2,206,141"
2018-04,"1,403","41,345",704,7,0,"2,770",118,4,0,"4,660",139,39,25,"1,857",53,346,790,"1,402","1,834",673,893,45,30,126,"76,967",305,9,0,"1,107","1,566,628","1,067","3,255",1,9,1,0,"48,659","12,640","251,230",0,30,695,0,"27,246",523,"2,296",2,38,312,397,0,0,0,24,46,0,0,0,"8,868","47,416",177,13,0,"10,310",267,"5,231","4,903",3,1,52,21,92,0,0,249,"6,366","2,136,719"
2018-05,"1,369","43,819",528,3,0,"1,511",115,7,0,"4,742",94,37,25,"1,889",43,344,828,"1,410","3,298",645,953,24,12,115,"70,356",235,8,1,872,"1,743,942","1,339","3,122",3,11,3,0,"50,984","12,714","258,214",0,165,"1,119",0,"26,323",459,"2,348",0,21,292,390,0,0,0,21,41,1,0,0,"9,180","45,773",171,9,1,"10,411",254,"4,353","5,136",11,2,39,3,89,0,2,194,"7,176","2,317,599"
2018-06,"2,281","45,399",626,4,0,"1,275",144,5,1,"5,731",82,40,16,"1,571",35,327,660,"1,271","4,073",493,875,29,13,108,"61,618",158,11,3,629,"1,562,241","1,903","3,089",5,3,3,0,"49,619","13,297","234,090",0,348,"1,169",0,"26,918",448,"2,085",1,20,271,344,0,0,0,8,28,0,0,0,"8,574","43,418",176,13,1,"11,273",203,"4,150","4,526",8,0,20,17,46,0,0,196,"7,415","2,103,404"
2018-07,"2,190","60,733",586,4,0,"1,795",135,5,1,"4,968",133,25,42,"1,815",41,356,835,"1,380","3,711",482,881,20,19,143,"64,042",138,67,1,519,"1,550,076","1,539","3,118",1,3,2,0,"52,488","14,232","236,120",0,33,"1,174",0,"33,799",446,"2,126",19,1,323,399,0,0,0,29,29,0,0,0,"9,124","44,725",153,12,0,"12,044",188,"3,845","4,475",3,0,29,14,66,0,0,271,"9,642","2,125,615"
2018-08,"1,128","46,243",431,0,0,"2,046",103,6,1,"4,243",82,28,19,"1,609",46,399,692,946,"2,687",342,587,26,11,130,"63,033",248,25,0,706,"1,428,361","1,748","3,071",1,3,4,0,"45,619","14,294","227,531",0,73,"1,347",0,"31,155",451,"2,262",20,0,227,338,0,0,1,12,28,0,0,0,"8,716","43,032",174,11,1,"10,733",157,"3,052","4,039",1,0,19,18,50,0,1,249,"9,731","1,962,347"
2018-09,"1,065","36,567",324,0,0,"2,199",128,8,2,"4,002",104,35,10,"1,708",40,415,629,901,"1,843",424,548,44,9,75,"68,246",236,7,2,755,"1,398,401","1,687","2,741",0,7,3,0,"50,123","13,733","220,363",0,66,"2,652",0,"30,148",372,"1,769",15,0,226,394,0,0,0,9,15,0,0,0,"9,060","43,212",169,11,0,"9,069",120,"2,952","4,210",2,0,36,12,93,0,0,184,"10,897","1,923,077"
2018-10,"1,257","40,927",383,5,0,"2,928",97,5,1,"4,358",150,24,7,"2,314",57,410,"1,004",903,"1,511",481,663,31,26,119,"76,831",395,6,0,789,"1,453,229","1,697","2,698",1,1,2,0,"48,236","12,330","244,009",0,57,"1,450",0,"30,209",422,"1,855",20,0,199,360,0,0,2,21,37,0,0,0,"10,184","47,233",178,9,1,"10,814",178,"3,467","5,526",1,0,41,11,70,0,0,248,"12,038","2,022,516"
2018-11,863,"39,148",753,2,0,"2,275",137,7,0,"3,685",107,39,30,"2,324",58,393,"1,164",853,928,497,776,37,12,86,"73,237",281,6,0,794,"1,809,944","2,366","2,710",1,3,3,0,"51,334","12,020","273,278",0,63,"1,263",0,"38,060",379,"2,212",7,0,155,259,0,1,1,13,41,0,0,0,"10,085","43,702",170,4,3,"11,322",184,"3,451","5,685",0,0,34,13,96,0,0,289,"10,199","2,407,842"
2018-12,"1,079","54,870",524,2,0,"1,579",299,7,0,"3,443",201,28,20,"2,143",64,580,"1,094","1,002",927,556,859,21,10,132,"68,454",289,5,1,962,"1,616,417","1,520","2,292",1,4,1,0,"54,276","10,855","243,900",0,73,"1,401",1,"33,118",342,"2,382",4,0,174,292,0,0,0,36,36,1,0,1,"10,477","41,687",129,14,0,"16,180",223,"3,924","7,189",3,0,35,9,56,0,0,334,"12,154","2,198,692"
2019-01,"1,136","55,355",534,3,0,"2,173",54,6,1,"3,809",184,26,10,"2,269",67,537,"1,073","1,018",841,628,"1,009",21,5,143,"75,978",416,14,0,972,"1,491,074","1,610","2,659",0,2,6,0,"49,351","11,565","307,168",0,48,"1,457",0,"30,035",438,"2,353",10,1,169,484,0,0,2,23,24,0,0,0,"10,632","43,509",144,13,0,"9,536",245,"3,835","4,442",0,0,50,9,103,0,0,408,"10,058","2,129,745"
2019-02,"1,901","47,289","1,021",1,0,"2,147",92,11,0,"3,954",120,27,29,"2,437",106,550,"1,212",855,919,538,"1,025",31,11,111,"73,869",434,11,0,679,"1,362,002","1,308","2,924",0,5,9,0,"43,848","12,716","227,971",0,22,"1,202",0,"26,063",328,"2,225",8,0,229,328,0,0,0,33,26,0,0,0,"10,156","43,308",118,4,1,"9,139",283,"4,287","4,654",0,0,36,13,128,0,0,309,"8,469","1,901,532"
2019-03,"2,046","50,745","1,101",5,2,"3,383",4,30,0,"4,736",80,36,24,"2,928",155,608,"1,301","1,017","1,455",555,"1,038",33,17,129,"80,328",819,6,0,681,"1,514,356","1,530","3,062",1,3,2,0,"47,137","12,524","243,594",0,22,"2,399",0,"27,123",344,"2,441",8,0,356,510,0,0,3,30,39,0,0,3,"10,778","45,074",157,7,3,"9,272",257,"4,315","4,255",0,2,60,20,237,0,0,307,"8,617","2,092,110"
2019-04,958,"38,062",759,5,0,"2,091",12,15,0,"5,004",98,45,97,"2,256",51,491,800,889,"1,822",369,895,47,30,114,"71,678",592,9,1,316,"1,455,377","1,432","2,842",0,8,12,0,"42,718","10,522","236,419",0,16,"2,802",0,"26,002",360,"2,018",6,0,246,253,0,20,5,35,29,0,0,0,"9,360","37,713",122,9,4,"6,087",313,"3,231","2,594",2,0,57,13,146,0,0,369,"7,549","1,976,197"
2019-05,814,"40,624",839,2,1,"1,441",5,4,0,"5,390",68,33,99,"2,111",43,510,818,971,"2,889",397,862,45,24,113,"66,970",411,15,0,208,"1,553,249","1,674","3,070",1,9,7,0,"44,574","12,374","236,651",0,17,905,0,"27,534",309,"1,946",11,0,342,205,0,39,24,45,22,0,0,0,"9,783","39,997",173,10,3,"6,192",334,"3,398","2,642",2,1,48,11,87,0,0,392,"7,845","2,079,633"
2019-06,820,"43,966",934,2,0,"1,098",2,6,0,"5,159",40,38,29,"1,764",42,515,625,831,"3,625",361,734,67,16,118,"56,709",366,10,1,225,"1,447,428","1,834","2,585",0,26,5,0,"40,521","10,328","205,926",0,11,"1,552",0,"25,425",238,"1,629",18,0,283,211,0,48,26,64,26,0,0,0,"8,780","38,389",156,6,2,"6,367",297,"2,999","1,931",0,0,41,9,112,0,0,348,"8,867","1,924,591"
2019-07,989,"58,554","1,313",11,0,"1,308",2,19,0,"5,155",40,30,51,"1,945",51,576,592,913,"3,505",414,821,104,18,141,"60,413",346,10,2,430,"1,510,881","1,666","2,893",0,15,7,0,"46,389","11,878","210,963",0,16,855,0,"30,959",394,"1,503",10,0,269,175,0,50,30,23,37,0,0,2,"9,874","46,341",148,5,4,"8,663",345,"3,134","2,725",1,0,45,11,111,0,0,326,"10,377","2,038,878"
2019-08,745,"54,621",972,7,0,"1,107",0,32,0,"4,403",47,37,42,"1,567",37,532,581,832,"2,654",361,593,50,19,75,"54,815",347,7,6,614,"1,339,175","1,211","2,647",1,4,7,0,"37,995","11,293","189,551",0,226,"1,641",0,"25,835",305,"1,081",3,0,220,179,1,50,34,11,22,0,0,0,"8,282","42,859",127,10,1,"7,468",280,"2,977","2,483",1,0,29,13,187,0,0,349,"11,092","1,812,753"
2019-09,735,"36,964",981,24,0,934,1,7,0,"3,832",54,19,66,"1,425",40,457,598,763,"1,802",374,487,34,15,80,"53,313",455,10,1,"1,011","1,220,281","1,425","2,184",2,3,8,0,"34,618","10,513","174,861",0,10,"1,004",0,"24,401",264,847,9,0,226,170,0,40,26,14,40,0,0,0,"8,524","42,788",132,11,2,"7,140",337,"2,773","2,249",0,1,32,6,107,0,0,387,"13,816","1,653,733"
2019-10,801,"34,787",905,4,1,"1,119",0,11,0,"4,509",73,24,68,"1,679",53,469,649,825,"1,126",434,691,23,23,83,"58,452",517,4,3,353,"1,564,682","1,862","2,207",0,2,3,0,"42,091","11,607","276,205",0,43,"1,942",0,"26,363",238,992,9,1,196,191,0,69,25,19,11,0,0,0,"10,565","50,949",154,3,1,"7,655",384,"3,247","2,952",0,1,39,11,139,0,0,480,"12,720","2,125,744"
2019-11,763,"45,640",786,1,0,860,0,4,0,"4,075",72,47,43,"2,073",61,545,868,"1,114","1,012",530,797,32,18,138,"67,860",626,6,2,638,"1,916,808","2,597","2,134",1,27,6,0,"49,676","12,445","285,484",0,12,"1,171",0,"34,916",256,"1,275",4,0,269,186,0,49,11,13,23,0,0,1,"11,657","50,836",136,3,2,"8,848",392,"3,723","3,400",0,0,42,14,106,0,0,709,"14,755","2,530,598"
2019-12,680,"52,730",945,4,0,913,0,3,0,"3,548",59,22,28,"1,973",49,470,748,922,899,507,807,25,26,94,"54,587",591,12,0,469,"1,382,024","1,674","2,005",1,9,1,0,"42,114","10,428","220,424",0,16,"1,170",0,"26,373",278,943,6,0,192,164,0,27,19,23,32,0,0,0,"9,790","41,726",122,4,3,"9,570",424,"4,054","3,736",2,0,34,9,126,0,0,605,"13,805","1,893,044"
2020-01,880,"57,303",753,6,0,"1,074",6,4,0,"4,708",59,41,150,"2,101",53,514,902,"1,028",923,462,778,47,18,93,"68,417",628,15,1,473,"1,387,386","1,489","2,432",2,14,1,0,"43,476","14,680","295,597",0,18,"1,345",0,"23,282",261,"1,039",6,0,197,227,0,52,13,17,23,0,0,0,"10,697","47,737",95,13,2,"9,095",607,"4,369","3,460",1,0,62,4,180,0,0,626,"12,736","2,002,678"
2020-02,"1,528","49,476",783,7,0,"1,580",4,3,0,"6,285",77,40,265,"2,368",72,572,"1,224","1,150","1,458",598,840,38,21,92,"75,228","1,021",24,0,659,"1,404,484","1,422","2,392",2,23,2,0,"45,333","11,962","230,670",0,38,886,0,"22,671",228,"1,044",2,0,169,177,0,30,8,15,27,0,0,0,"12,190","49,154",105,14,3,"10,553",573,"4,397","3,715",2,1,54,29,145,0,1,510,"12,970","1,961,414"
2020-03,"3,835","49,597","1,810",7,1,"2,136",9,2,0,"13,454",64,70,218,"3,012",92,650,"2,214","1,273","4,148",680,834,128,110,120,"96,890","1,353",99,4,658,"1,978,570","2,982","2,722",4,49,18,0,"61,842","10,009","218,152",0,58,927,0,"27,836",446,"1,160",4,1,584,270,0,54,23,33,35,1,1,0,"18,884","55,880",127,14,2,"10,528",592,"4,044","3,617",4,0,66,32,170,0,1,370,"10,141","2,593,721"
2020-04,740,"5,638",292,8,0,135,0,0,0,"3,234",33,15,37,487,30,141,268,287,"1,267",158,110,30,54,12,"16,721",160,12,0,62,"399,204",301,760,1,33,9,0,"13,875","1,135","23,206",0,11,209,0,"2,943",112,292,1,0,54,24,0,24,2,11,9,0,0,1,"3,620","8,859",5,8,0,747,35,217,203,0,0,23,3,27,0,0,63,808,"486,766"
2020-05,58,"9,871",43,87,0,1,0,0,0,3,3,0,0,355,10,29,1,126,2,74,76,0,0,5,688,73,2,0,2,"184,046",163,59,0,0,0,0,"6,521",452,"32,062",0,1,43,0,"2,136",1,51,1,0,3,40,0,0,0,0,2,0,0,0,471,"1,102",14,0,0,"2,264",35,"1,330",608,0,0,0,0,0,0,0,30,591,"243,535"
2020-06,203,"47,882",124,147,0,6,0,0,0,46,12,8,4,"1,655",36,201,15,790,11,213,318,0,0,35,"9,285",384,0,0,207,"871,718",870,200,0,0,0,0,"26,598","2,084","133,504",0,1,109,0,"13,211",5,192,0,0,7,54,0,0,0,3,19,0,0,0,"3,058","5,698",23,0,0,"9,584",257,"3,929","2,486",1,0,12,1,2,0,0,347,"4,248","1,139,803"
2020-07,774,"83,146",358,1,0,58,0,0,0,107,30,9,0,"1,953",19,335,88,885,22,268,518,1,0,71,"18,282",597,2,0,345,"970,278","1,033",261,0,0,1,1,"28,651","2,670","169,384",0,1,99,0,"15,482",10,325,0,0,39,54,0,0,0,3,16,0,0,0,"3,662","7,060",23,1,0,"10,376",553,"4,486","2,014",2,0,16,2,5,0,0,487,"5,351","1,330,215"
2020-08,307,"71,415",532,131,0,112,4,0,0,184,31,13,4,"2,068",19,350,154,815,26,272,443,2,0,75,"25,407",675,4,0,134,"1,014,207","1,170",269,0,2,1,0,"35,240","2,687","194,371",0,6,79,1,"14,706",49,308,2,0,64,59,0,0,0,2,26,0,0,0,"4,657","8,100",45,0,1,"9,579",536,"4,211","2,130",0,0,10,2,0,0,0,652,"5,234","1,401,583"
2020-09,730,"70,999",916,84,0,230,4,1,0,486,31,31,5,"2,853",108,467,373,"1,178",123,511,679,4,11,90,"37,362","1,099",8,0,275,"1,128,837",958,468,5,7,2,0,"37,280","3,449","212,143",0,8,111,0,"15,574",81,550,2,0,152,101,0,0,0,7,15,0,0,0,"6,413","12,681",73,1,1,"10,880",797,"5,167","2,556",3,0,20,3,23,0,0,671,"7,096","1,564,793"
2020-10,630,"57,216",661,1,0,246,0,2,0,397,16,25,2,"2,461",136,416,525,992,63,337,688,9,4,87,"43,290",907,16,0,130,"1,183,315","1,067",536,2,2,1,0,"34,025","3,310","269,748",0,5,580,0,"16,479",59,513,8,0,111,98,0,2,0,9,13,0,0,0,"6,662","12,137",63,4,1,"9,914",493,"5,790","2,098",1,0,16,4,15,0,0,710,"7,134","1,664,182"
2020-11,602,"54,458",825,3,0,303,0,2,0,466,15,24,75,"2,630",153,404,630,828,73,378,649,0,2,82,"49,000",755,14,0,112,"1,578,674","1,875",559,0,3,4,0,"40,397","3,736","317,288",0,9,528,0,"23,226",35,691,7,0,140,86,0,0,0,6,19,0,0,0,"7,315","11,954",45,5,0,"8,703",397,"5,401","2,085",1,0,22,4,26,0,0,722,"7,663","2,124,109"
2020-12,"1,248","73,181",733,10,0,518,0,0,0,461,31,31,95,"3,109",426,502,924,"1,110",50,506,916,3,3,142,"49,114",926,10,1,86,"1,572,480","1,084",576,1,5,1,0,"39,030","3,493","295,464",0,3,758,0,"22,297",41,606,7,0,99,103,0,0,0,7,23,0,0,0,"7,215","13,965",51,3,0,"11,034",491,"5,355","2,391",4,0,21,5,27,0,0,907,"9,200","2,120,883"
2021-01,"1,015","66,031",609,3,1,654,4,0,0,769,19,13,22,"3,079",282,559,"1,011",957,99,492,936,7,4,108,"53,358","1,148",4,0,120,"1,313,033","1,021",572,"8,531",5,2,0,"32,520","4,249","303,807",0,8,892,0,"16,340",44,495,4,0,129,70,0,0,0,7,25,0,2,1,"7,572","16,822",41,7,0,"8,521",444,"4,965","2,299",5,0,26,5,49,0,1,702,"10,043","1,864,563"
2021-02,964,"63,136",850,3,0,805,0,1,0,925,13,15,31,"3,445",358,560,912,"1,125",107,451,969,6,2,136,"55,621","1,218",6,0,127,"1,191,745","1,008",606,638,6,4,0,"31,272","4,558","271,134",0,8,786,0,"17,272",66,560,6,0,139,76,0,0,0,5,35,0,0,0,"7,421","17,254",55,5,10,"8,510",136,"4,891","2,605",0,0,27,5,24,0,0,"2,220","10,063","1,704,936"
2021-03,"1,154","72,220",642,9,0,968,0,2,0,"1,159",50,27,75,"4,708",479,819,"1,131","1,699",137,653,"1,185",20,6,150,"63,000","1,518",15,0,154,"1,299,225","1,087",691,16,8,27,0,"31,448","5,740","301,688",0,16,"1,177",0,"20,314",60,633,4,0,190,107,0,0,0,7,41,0,0,0,"8,890","18,893",67,1,0,"9,495",179,"6,195","3,168",1,0,38,10,35,0,0,"2,739","11,813","1,875,983"
2021-04,733,"37,204",861,2,0,"1,000",0,4,0,"1,050",20,32,54,"2,438",184,440,719,923,109,302,361,43,12,106,"47,580",707,8,0,81,"924,252",822,412,5,6,6,0,"22,675","3,679","218,712",0,22,494,0,"11,617",48,424,0,0,111,91,0,0,0,12,16,0,0,1,"5,519","10,897",42,7,4,"5,513",138,"2,984","1,987",0,0,22,4,18,0,0,772,"6,929","1,313,214"
2021-05,160,"16,185",967,4,0,308,0,4,0,478,17,6,29,763,77,180,221,185,29,90,119,12,9,67,"15,754",292,6,0,31,"443,125",471,153,7,17,0,0,"9,307","1,250","90,820",0,5,17,0,"6,341",14,183,0,0,69,46,0,0,0,2,4,0,0,0,"1,495","2,465",14,1,1,"3,063",30,721,668,0,0,5,3,2,0,0,125,"1,787","598,204"
2021-06,495,"56,526","1,460",4,0,550,0,2,0,855,25,14,91,"1,501",230,472,523,455,106,220,380,21,2,145,"33,182","1,033",13,0,36,"1,040,697",872,408,2,1,24,0,"22,090","2,823","200,284",0,3,120,0,"12,354",67,327,0,0,76,56,0,0,0,3,10,0,0,0,"4,646","5,864",11,1,1,"7,119",97,"2,337","1,440",2,0,10,0,19,0,0,762,"5,432","1,406,299"
2021-07,"1,957","89,999","1,787",8,0,766,4,1,0,942,33,17,11,"2,285",229,507,491,619,92,216,393,19,22,130,"48,694","1,151",14,0,72,"1,240,517","1,016",501,2,4,3,0,"34,064","4,787","278,154",0,1,289,0,"15,982",72,456,2,0,138,114,0,0,0,8,12,0,0,0,"7,343","12,026",47,4,1,"8,879",130,"4,538","1,760",3,0,19,2,14,0,0,"1,222","10,173","1,772,742"
2021-08,"1,053","75,748","1,660",4,40,779,1,1,0,831,51,48,71,"2,133",297,487,496,552,102,160,389,12,7,111,"49,810","1,161",16,0,57,"1,058,493",939,490,2,16,2,0,"29,972","4,148","270,048",0,6,348,0,"14,304",51,753,1,0,145,140,0,0,0,9,14,0,0,0,"7,175","13,638",57,8,2,"7,088",133,"4,693","2,032",3,0,25,5,5,0,1,"1,002","11,545","1,563,370"
2021-09,"1,186","55,963","1,724",3,14,996,0,2,0,872,35,55,206,"2,901",508,557,679,934,129,194,632,12,10,165,"53,725","1,259",22,0,51,"989,094",803,575,3,16,4,1,"28,874","4,214","248,038",0,5,684,0,"13,403",48,450,5,0,206,144,0,0,0,8,45,0,1,0,"7,558","16,327",66,11,2,"5,721",192,"5,114","1,702",3,0,25,4,17,0,0,"1,257","14,816","1,462,270"
2021-10,"1,474","46,001","1,549",9,6,"1,012",0,1,0,923,29,34,96,"2,265",297,426,742,577,185,133,566,10,10,155,"53,829","1,016",5,0,33,"1,091,818",988,525,0,12,3,0,"29,710","3,533","240,905",0,7,932,0,"14,377",75,411,0,0,144,87,0,0,2,8,32,0,0,0,"7,778","17,807",51,7,1,"6,506",133,"5,335","1,815",1,0,13,2,11,0,0,"1,252","16,406","1,552,070"
2021-11,"1,101","49,348","1,040",4,30,854,0,0,0,729,27,48,61,"1,981",394,440,702,598,252,110,577,7,10,130,"55,349",613,13,0,147,"1,540,817","1,950",544,1,14,2,0,"35,965","4,386","255,366",0,12,791,0,"21,177",38,530,0,0,149,90,0,0,0,5,29,0,0,0,"7,839","18,556",56,4,2,"6,558",159,"3,881","1,972",1,0,15,6,12,0,0,"1,099","16,569","2,033,160"
2021-12,850,"68,460","1,067",5,0,"1,043",0,0,0,"1,423",30,30,226,"1,837",627,520,780,567,429,94,560,11,10,123,"54,638",791,12,1,172,"1,254,311",912,537,6,13,3,0,"31,503","5,189","257,573",0,7,"1,718",6,"15,126",60,439,1,0,166,71,0,6,0,7,16,0,0,1,"7,564","17,342",65,3,2,"6,926",200,"4,898","2,289",1,0,10,14,11,0,0,"1,491","21,435","1,764,228"
2022-01,859,"61,452","1,104",11,0,"1,433",0,1,0,"1,425",38,51,445,"1,935",486,507,968,532,277,59,526,15,5,131,"63,868",652,6,0,153,"1,112,506",751,498,6,9,11,0,"26,049","6,838","271,161",0,10,"1,060",0,"13,829",52,394,3,0,142,50,0,3,0,14,13,0,0,0,"7,038","18,362",69,5,3,"5,982",174,"4,041","1,728",1,0,16,1,14,0,0,"1,341","17,031","1,626,144"
2022-02,"1,390","53,801",762,225,3,"1,416",5,1,0,"1,544",44,37,203,"2,020",382,476,907,615,294,70,530,10,14,131,"60,227","1,147",6,2,164,"1,065,722",805,462,2,8,6,0,"26,126","5,625","251,398",0,7,"1,080",0,"13,608",70,295,1,0,140,48,0,1,0,11,10,0,1,0,"7,323","16,612",44,8,2,"5,745",163,"4,441","2,338",3,0,9,3,6,0,0,"1,760","16,598","1,546,907"
2022-03,"2,303","68,809","1,455",110,13,"1,800",0,1,0,"1,559",39,61,145,"2,591",419,689,"1,219",766,354,95,613,67,11,156,"72,825","1,864",6,2,203,"1,238,284","1,045",684,1,19,4,1,"30,287","7,631","281,881",0,16,869,0,"16,601",87,430,1,0,174,90,0,7,1,15,25,0,0,0,"8,713","20,355",91,5,2,"7,488",173,"5,357","2,736",0,0,14,7,16,0,0,"2,316","20,681","1,804,282"
2022-04,"2,469","49,461","1,173",14,34,"2,165",1,3,0,"1,994",43,66,146,"2,348",463,556,899,783,669,65,462,69,12,131,"72,600",821,3,1,160,"1,281,412",984,822,2,19,4,0,"30,023","7,835","274,851",0,4,"1,616",1,"14,902",106,551,4,1,224,79,0,9,4,8,19,0,0,0,"7,831","17,869",61,15,3,"4,820",101,"3,690","1,466",1,0,12,4,13,0,0,"1,600","18,439","1,807,016"
2022-05,"1,716","58,738","1,222",6,41,"1,599",0,2,0,"2,015",40,94,163,"2,098",442,565,954,708,"1,144",66,420,38,46,111,"60,839",664,7,1,200,"1,320,645","1,094",842,2,19,4,0,"28,992","8,462","274,870",0,101,"1,593",0,"14,725",118,460,1,0,197,53,0,17,5,9,22,0,0,0,"6,909","15,297",55,7,3,"5,180",298,"3,008","2,375",0,0,18,8,14,0,0,"1,816","20,962","1,842,120"
2022-06,"1,302","62,806","1,423",5,63,"1,479",0,1,0,"2,724",37,120,55,"2,394",448,503,817,682,"2,145",67,383,72,14,138,"59,928",438,8,4,229,"1,179,888",877,919,4,40,6,0,"29,267","8,717","270,240",0,4,"1,747",0,"16,188",145,352,3,0,183,57,0,17,10,16,17,0,6,0,"7,326","16,386",54,7,4,"6,776",527,"3,858","2,181",0,1,21,4,19,0,0,"1,842","24,239","1,710,233"
2022-07,"1,593","67,574",869,5,1,"1,482",0,1,0,"3,182",55,87,296,"2,030",412,484,676,595,"2,416",68,341,71,7,134,"58,811",421,7,0,250,"1,087,479",824,"1,165",3,11,3,0,"27,395","10,053","259,463",0,9,"1,250",0,"18,822",119,403,0,0,271,66,0,17,8,15,19,1,0,0,"6,614","18,761",46,25,1,"7,032",400,"4,021","1,756",1,0,5,5,13,0,0,"1,996","27,028","1,616,968"
2022-08,"1,254","58,770","1,588",5,6,"1,374",4,2,0,"2,902",57,74,160,"1,701",363,455,649,580,"2,272",63,365,66,12,108,"60,408",539,8,0,314,"1,130,735","1,772","1,239",2,9,6,0,"27,908","10,827","281,719",0,12,"1,655",0,"18,380",135,384,0,0,205,76,0,32,3,6,6,0,0,0,"7,051","22,976",59,11,0,"5,718",284,"3,106","1,638",0,0,15,7,13,0,0,"1,445","29,261","1,680,794"
2022-09,895,"52,940",956,17,0,"1,710",0,0,0,"2,822",31,35,273,"2,186",379,442,735,636,"1,511",67,495,27,15,120,"64,839",757,8,0,382,"1,029,772","1,229","1,205",2,31,2,0,"27,732","11,708","264,386",0,8,"1,337",0,"18,280",168,328,0,0,315,69,0,35,8,11,12,0,0,0,"7,100","26,904",61,10,1,"6,613",221,"4,305","1,715",4,0,12,4,15,0,0,"1,781","33,692","1,571,354"
2022-10,757,"53,441",572,5,18,"2,398",1,1,0,"2,553",36,63,40,"2,355",533,440,915,836,"1,014",46,575,22,7,101,"68,300",480,3,1,131,"1,654,880","1,692","1,127",1,13,2,0,"39,523","12,528","343,791",0,17,"2,133",0,"26,800",181,241,0,0,325,66,0,45,6,11,18,0,0,0,"8,060","30,827",48,2,1,"4,907",208,"4,168","1,503",0,0,22,4,12,0,0,"2,019","31,603","2,302,428"
2022-11,882,"70,861",875,6,4,"2,168",0,2,1,"2,762",54,57,70,"2,911",504,544,"1,163",867,915,54,613,40,15,106,"73,174",669,6,0,362,"1,785,713","2,084","1,039",3,17,0,0,"38,952","12,502","292,296",0,13,"2,314",1,"27,106",180,188,2,0,281,30,2,45,4,10,26,0,1,1,"9,318","34,470",48,1,0,"7,199",704,"4,278","2,086",0,0,14,3,14,0,0,"1,949","35,649","2,418,228"
2022-12,"1,098","71,161",753,8,4,"1,939",0,0,0,"2,505",80,43,50,"2,754",569,534,"1,023",734,715,31,739,55,13,104,"60,969","1,207",13,1,112,"1,089,400",944,806,9,9,1,0,"25,520","12,458","270,540",0,5,"2,106",0,"18,576",198,141,0,0,402,26,0,42,6,14,30,0,0,0,"8,307","29,203",49,6,0,"6,344","1,020","3,912","1,696",1,0,9,16,14,0,0,"1,965","30,923","1,651,912"
2023-01,924,"67,203",792,6,20,"2,439",1,3,1,"2,971",67,46,150,"2,674",531,589,"1,137",742,676,24,630,71,15,91,"75,453",942,4,1,375,"1,222,338",930,"1,024",0,427,2,0,"26,001","14,449","329,780",0,13,"1,043",0,"18,770",305,161,1,0,377,25,0,47,5,9,24,0,0,0,"8,383","31,423",61,9,2,"5,030",590,"3,361","1,654",0,0,10,9,27,0,0,"1,985","29,949","1,856,802"
2023-02,"1,763","62,552",649,3,1,"2,740",2,1,0,"3,197",77,50,106,"3,333",474,604,"1,239",834,822,22,564,33,24,105,"69,936","1,307",6,0,450,"1,225,328","1,007","1,079",0,18,8,0,"25,739","11,339","278,565",0,7,"1,041",0,"18,002",271,218,0,0,232,47,0,70,0,17,19,0,0,2,"8,937","34,992",60,3,0,"5,166",421,"3,505","1,948",0,0,24,2,9,0,0,"2,440","30,728","1,802,138"
2023-03,"4,424","73,557",852,317,7,"3,064",5,2,0,"4,619",89,49,175,"3,922",567,678,"1,512",925,"1,513",23,466,30,23,112,"78,286","1,819",13,0,637,"1,397,911","1,311","1,575",4,7,1,0,"30,410","17,302","318,804",0,10,"1,370",0,"19,957",385,267,1,0,366,94,0,51,3,24,39,0,0,1,"11,378","38,551",84,6,0,"5,774",400,"3,708","1,780",1,0,25,8,12,0,0,"3,210","37,322","2,069,838"
2023-04,"2,402","50,271",757,125,4,"2,996",2,3,0,"4,717",69,72,264,"3,420",617,598,"1,067",746,"1,991",15,422,65,60,131,"70,951",740,8,0,487,"1,188,177","1,072","1,703",2,158,5,0,"26,457","15,145","268,764",0,6,"1,240",0,"16,911",236,215,0,0,265,43,0,50,3,11,10,0,7,1,"8,513","30,811",60,7,1,"4,845",354,"3,426","1,623",3,0,18,6,7,0,0,"2,689","31,583","1,747,427"
2023-05,"2,456","64,690",807,8,2,"2,488",6,5,0,"4,900",54,110,108,"3,427",646,682,"1,013",642,"2,335",14,380,81,30,151,"62,034",801,10,0,622,"1,448,381","1,158","1,668",2,123,17,0,"28,965","16,817","284,022",0,5,"1,330",1,"18,060",261,351,0,0,289,110,0,45,9,14,13,0,16,1,"8,679","33,782",73,6,1,"5,296",761,"2,880","1,544",0,0,18,10,10,0,0,"3,112","36,597","2,042,929"
2023-06,"1,984","89,751","1,624",7,11,"1,959",0,4,0,"5,119",59,103,28,"3,085",521,711,"1,070",654,"3,408",53,268,18,11,117,"57,547","3,504",8,1,497,"1,269,043",933,"1,902",1,15,8,0,"27,566","17,607","278,337",2,3,"1,165",0,"15,971",300,"1,298",0,0,376,409,2,42,3,16,11,0,17,1,"8,859","39,052",84,11,0,"5,864","1,238","3,119","1,293",1,0,13,10,13,0,0,"2,890","39,044","1,888,641"
2023-07,"2,438","84,444","1,222",6,2,"1,927",0,4,0,"4,851",42,52,74,"2,792",511,624,745,674,"3,429",13,250,43,33,126,"58,461",168,8,1,203,"1,187,624",876,"2,025",1,12,3,0,"27,294","19,757","265,010",0,4,"1,023",40,"15,136",335,682,0,0,320,315,0,56,4,12,23,0,0,1,"9,650","41,906",84,5,5,"6,207",760,"3,108","1,226",0,0,10,14,6,0,0,"2,782","43,517","1,792,976"
2023-08,"2,473","68,410",869,7,14,"2,183",0,0,0,"4,400",61,105,78,"3,198",445,670,765,703,"2,393",8,269,13,33,148,"62,005",147,13,0,107,"1,215,680",961,"2,132",2,16,4,2,"27,026","23,782","293,827",1,7,966,0,"14,622",557,679,0,0,320,305,0,58,2,12,11,0,32,0,"9,693","44,885",103,11,2,"5,323",775,"3,143","1,440",0,0,4,4,8,0,0,"3,094","46,166","1,845,172"
2023-09,"2,942","48,988","1,277",12,8,"2,232",0,3,0,"4,414",80,63,41,"3,546",607,674,"1,028",832,"1,502",10,389,19,42,83,"66,844",420,13,1,115,"1,267,908",965,"2,012",1,11,1,0,"29,341","21,964","311,481",0,7,"2,425",0,"15,713",375,556,0,0,308,181,0,49,2,15,19,0,20,1,"9,611","46,512",85,7,5,"5,112",578,"2,897","1,089",0,0,13,5,13,0,0,"3,038","46,714","1,905,219"
2023-10,"3,561","55,341","1,377",11,3,"2,709",0,2,0,"4,297",62,53,204,"3,719",774,765,"1,299",835,"1,251",9,542,60,24,132,"74,262",615,12,1,134,"1,463,089","1,118","1,813",3,137,7,0,"31,544","21,929","336,353",0,19,"1,597",0,"17,360",423,690,0,0,293,167,0,58,5,8,31,0,26,0,"11,016","50,594",73,6,3,"6,522",451,"3,605","1,444",0,0,19,6,15,0,0,"3,021","45,743","2,151,242"
2023-11,959,"55,025",989,76,11,"2,749",2,3,0,"4,252",54,75,170,"3,941",791,652,"1,242",780,861,9,615,23,20,93,"70,517",486,11,0,66,"2,189,773","2,131","1,438",1,185,2,0,"41,332","19,975","349,649",0,11,"1,440",0,"24,349",357,597,0,0,391,156,0,47,0,13,19,0,1,1,"10,525","48,413",96,6,0,"6,478",465,"3,130","1,341",0,0,15,6,13,0,0,"3,188","41,714","2,891,730"
2023-12,"1,692","72,193",750,216,41,"2,168",1,2,0,"3,730",101,89,169,"3,777",764,690,"1,199",590,868,8,548,31,14,177,"60,736",602,8,0,53,"1,409,243",831,"1,269",7,124,3,0,"27,508","18,338","277,144",0,7,"1,615",0,"15,198",345,413,0,0,305,131,0,43,2,10,23,0,0,1,"9,545","39,955",83,4,4,"6,134",715,"4,087","1,519",1,0,6,11,16,0,0,"3,694","45,095","2,014,646"
2024-01,"1,160","83,253",785,24,31,"2,953",0,2,0,"4,778",86,61,65,"4,164",844,840,"1,348",625,886,6,608,27,37,98,"74,303",774,22,1,70,"1,418,281",553,"1,901",14,15,4,0,"28,976","28,192","370,872",0,16,"1,120",0,"16,142",411,583,0,0,298,161,0,44,5,23,18,0,0,0,"10,719","45,107",52,4,5,"4,692",910,"3,762","1,365",0,0,12,10,28,0,0,"3,742","40,530","2,156,418"
2024-02,"2,834","70,482","1,593",20,7,"2,626",0,4,0,"5,752",50,83,68,"4,445",799,865,"1,359",738,"1,138",10,589,20,27,136,"70,784","1,223",16,1,84,"1,397,867",454,"2,187",7,121,3,0,"29,089","23,721","308,426",0,9,"1,000",0,"16,328",413,582,0,0,410,151,0,21,3,24,35,0,0,1,"11,031","43,927",69,12,4,"4,958",909,"3,857","1,475",1,3,16,2,37,0,0,"4,442","36,541","2,053,889"
2024-03,"3,510","72,115","1,017",11,69,"2,872",0,5,0,"6,627",56,58,27,"4,609",901,900,"1,375",744,"1,478",15,602,48,56,139,"71,514","1,442",12,1,170,"1,485,676",609,"2,278",9,18,9,0,"29,551","25,815","296,935",0,23,"1,457",30,"18,104",534,578,0,0,328,207,0,23,6,11,26,0,20,0,"14,481","48,325",99,14,4,"4,910",457,"3,763","1,357",1,0,12,18,43,0,0,"5,094","37,362","2,148,560"
2024-04,"1,688","51,450",846,2,25,"3,096",0,0,0,"6,619",41,81,20,"4,152",957,824,"1,287",618,"2,227",10,586,19,31,130,"70,459",865,11,0,134,"1,598,895",664,"2,189",0,75,3,0,"30,829","24,244","315,224",0,10,"1,138",0,"18,101",522,526,0,0,418,194,0,29,3,15,6,0,18,0,"9,080","34,966",63,4,8,"4,290",236,"3,264","1,204",0,0,12,11,36,0,0,"4,215","31,811","2,228,481"
2024-05,"1,245","63,945",776,13,8,"2,438",0,2,0,"6,840",31,59,30,"3,730",749,777,"1,118",557,"3,124",14,460,20,27,135,"63,312",900,13,1,79,"1,491,166",554,"2,240",0,20,3,0,"31,093","24,488","282,738",1,10,"1,610",0,"15,668",524,541,0,0,393,144,0,22,0,21,14,0,27,0,"9,934","43,229",78,9,4,"5,191",320,"3,265","1,138",0,0,13,10,29,0,0,"5,533","39,496","2,109,929"
2024-06,"1,078","65,014",741,7,20,"1,967",0,1,0,"6,082",29,80,18,"3,163",673,734,859,564,"4,267",2,381,82,35,123,"53,967",595,11,0,70,"1,336,000",493,"2,035",2,13,2,0,"28,225","22,408","264,099",0,5,"1,431",0,"14,940",477,443,0,0,469,136,0,11,4,15,8,2,11,2,"8,971","42,690",97,9,1,"5,423",221,"2,946","1,057",1,0,12,6,24,0,0,"4,610","37,967","1,915,829"
2024-07,"1,925","72,895",881,6,20,"2,755",1,3,0,"6,527",36,61,64,"3,134",534,740,792,518,"3,921",4,318,31,65,168,"60,330",593,8,0,59,"1,400,604",665,"2,598",0,14,7,0,"32,112","25,641","299,921",0,4,"1,076",0,"15,086",542,602,0,0,470,146,5,18,4,11,9,44,11,0,"10,199","50,589",73,9,6,"6,456",172,"2,808","1,115",1,0,14,8,48,0,0,"5,186","44,458","2,057,121"
2024-08,"1,239","59,915",821,10,30,"2,006",0,0,0,"5,335",51,61,143,"2,938",574,690,506,483,"2,607",7,333,67,86,113,"57,328",830,14,0,103,"1,298,786",470,"2,382",7,13,4,0,"30,984","24,358","291,172",0,6,"1,519",0,"12,675",462,586,0,0,361,121,1,26,2,19,10,5,19,1,"8,651","48,007",89,7,7,"4,732",153,"2,866","1,163",0,0,10,9,36,0,0,"4,395","44,346","1,914,750"
2024-09,826,"57,093",802,4,10,"2,252",0,2,0,"5,280",40,54,15,"3,118",713,645,709,496,"1,900",6,519,29,10,141,"58,492","1,073",32,0,77,"1,168,193",369,"1,798",2,27,4,0,"26,030","21,981","257,341",0,9,"2,575",0,"11,867",406,528,1,0,334,146,0,22,3,15,8,11,26,0,"9,116","48,716",87,8,5,"4,360",280,"2,717","1,147",4,0,30,8,36,0,0,"4,569","44,039","1,741,156"
2024-10,"1,062","57,191","1,070",8,1,"3,185",2,0,0,"6,299",30,60,10,"4,571","1,048",755,"1,304",874,"1,418",7,"1,031",12,28,140,"77,540","1,102",12,1,70,"2,012,379",542,"2,114",3,19,11,0,"42,124","27,577","468,175",0,12,"2,535",0,"18,064",513,"1,077",0,0,408,132,0,10,3,17,8,2,32,2,"12,719","60,164",92,10,0,"6,124",137,"4,706","1,710",10,1,9,12,42,0,0,"5,890","43,975","2,870,191"
2024-11,"1,155","73,652","1,280",13,1,"2,715",0,2,0,"4,347",32,60,21,"3,955",813,623,"1,232",536,954,4,733,74,9,120,"65,636",944,55,0,44,"2,558,083",881,"1,784",0,7,3,0,"44,494","21,349","306,158",1,4,"1,799",0,"22,393",382,556,0,0,354,122,5,19,4,17,16,0,1,0,"10,957","51,438",117,9,1,"5,909",274,"3,605","2,336",0,0,11,6,26,0,0,"5,425","40,372","3,237,928"
2024-12,"1,689","92,787","1,212",8,0,"2,342",0,2,1,"4,385",44,50,18,"4,154",801,731,947,606,863,2,816,60,39,149,"56,240",961,14,0,45,"1,166,776",322,"1,503",1,16,2,0,"23,985","17,186","278,836",1,3,"2,095",0,"9,442",382,543,0,0,340,89,2,10,3,23,16,0,9,0,"9,124","38,023",68,7,2,"5,556",470,"3,762","1,513",0,1,5,5,42,0,0,"5,826","40,836","1,775,791"
2025-01,"1,972","86,925","1,172",6,9,"2,801",1,5,0,"5,880",44,56,20,"5,213",882,"1,027","1,169",635,"1,138",3,866,55,41,190,"79,629","1,401",68,0,67,"1,489,900",397,"2,428",3,12,4,0,"29,636","32,979","440,390",1,7,"1,490",0,"12,202",539,"1,079",0,0,485,117,5,7,2,22,20,3,8,0,"12,046","50,309",86,17,0,"5,063",359,"4,500","1,680",4,0,12,10,80,0,0,"5,752","38,825","2,321,754"
2025-02,"2,893","59,566","1,056",7,3,"2,615",1,3,3,"5,516",74,42,35,"4,097",739,732,"1,083",502,"1,206",2,708,47,28,155,"65,235","1,769",68,0,145,"1,320,991",342,"2,145",1,25,5,0,"26,198","22,400","284,472",0,6,864,0,"11,810",503,962,0,0,402,132,0,5,0,25,11,0,2,0,"10,834","44,534",68,11,3,"4,254",248,"3,304","1,598",4,0,6,13,67,0,0,"6,388","32,347","1,923,310"
2025-03,"6,559","66,858","2,081",9,4,"3,440",1,6,2,"6,830",30,69,93,"5,046",815,"1,001","1,020",624,"1,928",4,722,32,45,188,"72,040","2,164",17,3,153,"1,472,559",473,"2,548",4,30,1,0,"28,681","23,959","328,313",0,8,"1,582",0,"12,941",579,755,0,0,503,159,3,5,1,21,17,7,42,2,"11,005","44,978",87,8,1,"5,024",228,"4,257","1,628",2,0,16,22,66,0,0,"7,216","36,079","2,155,594"
2025-04,"2,009","55,233","2,363",5,8,"3,812",1,4,0,"7,127",53,58,41,"3,915",755,772,"1,067",503,"2,955",8,514,69,36,132,"67,343","1,345",16,0,67,"1,650,191",510,"2,618",2,22,9,0,"29,782","25,702","331,933",0,11,"1,322",0,"13,918",582,714,0,0,526,160,2,4,1,12,17,5,29,1,"10,320","42,324",142,14,13,"4,371",261,"3,716","1,289",45,0,14,5,45,0,0,"7,454","39,515","2,317,812"
2025-05,"1,904","65,337","1,299",6,5,"2,522",37,2,0,"7,481",40,71,62,"3,656",751,695,831,458,"3,346",6,394,75,62,129,"59,410","1,366",21,0,38,"1,615,905",624,"2,037",0,21,4,0,"29,158","23,125","284,919",0,5,"1,614",0,"13,042",489,568,0,0,539,156,2,5,0,29,15,14,21,0,"10,277","45,434",138,17,1,"5,308",287,"2,973","1,024",2,0,23,16,39,0,0,"7,968","40,623","2,236,426"
2025-06,"1,121","70,425","1,240",15,6,"2,206",142,3,0,"7,229",29,99,43,"5,706",957,957,639,478,"4,449",12,514,23,35,222,"56,780",937,22,2,40,"1,410,862",348,"1,827",4,16,7,0,"28,277","23,266","280,170",1,2,"1,706",0,"12,250",419,548,0,0,568,192,1,3,0,26,35,49,22,1,"9,472","48,841",94,13,4,"5,883",258,"2,861",974,0,0,8,16,27,0,0,"6,846","35,345","2,025,573"
2025-07,"1,289","81,127","1,496",8,9,"2,282",50,2,0,"7,544",21,85,29,"2,152",428,499,656,296,"4,163",5,187,52,16,80,"59,585",922,22,1,50,"1,320,543",305,"2,572",4,36,6,0,"28,294","27,266","304,748",0,12,"1,475",0,"11,310",516,654,0,0,465,189,2,5,2,26,5,70,30,0,"9,872","54,848",93,14,1,"6,715",211,"2,920",721,1,0,6,8,36,0,0,"6,808","39,782","1,983,627"
2025-08,963,"79,216","1,075",9,30,"1,835",54,1,0,"7,620",26,56,23,"2,255",434,462,485,317,"3,128",8,286,90,34,74,"60,678","1,264",17,2,46,"1,339,538",320,"2,236",4,65,2,0,"28,367","26,930","302,498",0,8,"1,834",0,"11,347",555,695,0,0,535,225,0,2,0,13,10,36,46,0,"9,703","50,100",126,16,2,"4,763",159,"3,048",900,0,2,3,2,22,1,0,"6,212","36,969","1,987,782"
2025-09,"1,194","59,422","1,052",14,1,"2,032",58,3,0,"5,498",34,55,41,"2,708",512,483,547,394,"1,691",6,394,103,19,65,"60,361","1,688",16,2,60,"1,257,697",313,"1,617",9,181,2,0,"26,353","21,859","286,416",0,7,"2,147",0,"10,890",405,558,0,0,482,187,3,3,0,17,7,31,86,1,"9,576","49,061",138,16,2,"3,714",125,"4,068",730,1,0,6,21,21,0,1,"6,033","34,087","1,855,324"
2025-10,62,"6,361",122,1,0,273,0,0,0,643,3,11,14,375,78,65,106,74,145,0,70,1,0,11,"10,334",177,2,0,0,"292,993",60,227,0,2,0,0,"5,986","3,083","61,230",0,0,175,0,"1,911",53,115,0,0,54,24,0,0,0,2,1,0,1,0,"1,796","6,224",4,0,0,577,23,579,67,0,0,1,0,4,0,0,852,"3,625","398,597"
Total,"187,140","9,680,811","183,283","2,322",734,"326,869","3,204",891,240,"1,012,235","8,187","17,329","10,089","315,936","37,089","107,966","116,145","178,588","300,406","56,996","128,812","6,671","2,992","19,194","12,450,973","118,051","2,739",217,"70,892","260,965,514","276,035","612,649","9,741","4,036",967,30,"8,196,355","2,510,857","50,557,696",17,"4,276","137,058",94,"1,949,812","103,747","499,770","2,859","7,231","53,785","90,061",78,"1,742",397,"4,403","6,395",364,614,44,"1,751,724","7,052,672","145,811","2,750",472,"1,387,546","51,919","973,045","629,545","16,737",304,"11,341","5,482","21,506",2,51,"207,482","2,190,265","365,792,282"
